index,topic_idx
45654,0
45655,0
45656,0
45657,0
45658,0
45659,0
45660,0
45661,0
45662,0
45663,0
45664,0
45665,0
45666,0
45667,0
45668,0
45669,0
45670,0
45671,0
45672,0
45673,0
45674,0
45675,0
45676,0
45677,0
45678,0
45679,0
45680,0
45681,0
45682,0
45683,0
45684,0
45685,0
45686,0
45687,0
45688,0
45689,0
45690,0
45691,0
45692,0
45693,0
45694,0
45695,0
45696,0
45697,0
45698,0
45699,0
45700,0
45701,0
45702,0
45703,0
45704,0
45705,0
45706,0
45707,0
45708,0
45709,0
45710,0
45711,0
45712,0
45713,0
45714,0
45715,0
45716,0
45717,0
45718,0
45719,0
45720,0
45721,0
45722,0
45723,0
45724,0
45725,0
45726,0
45727,0
45728,0
45729,0
45730,0
45731,0
45732,0
45733,0
45734,0
45735,0
45736,0
45737,0
45738,0
45739,0
45740,0
45741,0
45742,0
45743,0
45744,0
45745,0
45746,0
45747,0
45748,0
45749,0
45750,0
45751,0
45752,0
45753,0
45754,0
45755,0
45756,0
45757,0
45758,0
45759,0
45760,0
45761,0
45762,0
45763,0
45764,0
45765,0
45766,0
45767,0
45768,0
45769,0
45770,0
45771,0
45772,0
45773,0
45774,0
45775,0
45776,0
45777,0
45778,0
45779,0
45780,0
45781,0
45782,0
45783,0
45784,0
45785,0
45786,0
45787,0
45788,0
45789,0
45790,0
45791,0
45792,0
45793,0
45794,0
45795,0
45796,0
45797,0
45798,0
45799,0
45800,0
45801,0
45802,0
45803,0
45804,0
45805,0
45806,0
45807,0
45808,0
45809,0
45810,0
45811,0
45812,0
45813,0
45814,0
45815,0
45816,0
45817,0
45818,0
45819,0
45820,0
45821,0
45822,0
45823,0
45824,0
45825,0
45826,0
45827,0
45828,0
45829,0
45830,0
45831,0
45832,0
45833,0
45834,0
45835,0
45836,0
45837,0
45838,0
45839,0
45840,0
45841,0
45842,0
45843,0
45844,0
45845,0
45846,0
45847,0
45848,0
45849,0
45850,0
45851,0
45852,0
45853,0
45854,0
45855,0
45856,0
45857,0
45858,0
45859,0
45860,0
45861,0
45862,0
45863,0
45864,0
45865,0
45866,0
45867,0
45868,0
45869,0
45870,0
45871,0
45872,0
45873,0
45874,0
45875,0
45876,0
45877,0
45878,0
45879,0
45880,0
45881,0
45882,0
45883,0
45884,0
45885,0
45886,0
45887,0
45888,0
45889,0
45890,0
45891,0
45892,0
45893,0
45894,0
45895,0
45896,0
45897,0
45898,0
45899,0
45900,0
45901,0
45902,0
45903,0
45904,0
45905,0
45906,0
45907,0
45908,0
45909,0
45910,0
45911,0
45912,0
45913,0
45914,0
45915,0
45916,0
45917,0
45918,0
45919,0
45920,0
45921,0
45922,0
45923,0
45924,0
45925,0
45926,0
45927,0
45928,0
45929,0
45930,0
45931,0
45932,0
45933,0
45934,0
45935,0
45936,0
45937,0
45938,0
45939,0
45940,0
45941,0
45942,0
45943,0
45944,0
45945,0
45946,0
45947,0
45948,0
45949,0
45950,0
45951,0
45952,0
45953,0
45954,0
45955,0
45956,0
45957,0
45958,0
45959,0
45960,0
45961,0
45962,0
45963,0
45964,0
45965,0
45966,0
45967,0
45968,0
45969,0
45970,0
45971,0
45972,0
45973,0
45974,0
45975,0
45976,0
45977,0
45978,0
45979,0
45980,0
45981,0
45982,0
45983,0
45984,0
45985,0
45986,0
45987,0
45988,0
45989,0
45990,0
45991,0
45992,0
45993,0
45994,0
45995,0
45996,0
45997,0
45998,0
45999,0
46000,0
46001,0
46002,0
46003,0
46004,0
46005,0
46006,0
46007,0
46008,0
46009,0
46010,0
46011,0
46012,0
46013,0
46014,0
46015,0
46016,0
46017,0
46018,0
46019,0
46020,0
46021,0
46022,0
46023,0
46024,0
46025,0
46026,0
46027,0
46028,0
46029,0
46030,0
46031,0
46032,0
46033,0
46034,0
46035,0
46036,0
46037,0
46038,0
46039,0
46040,0
46041,0
46042,0
46043,0
46044,0
46045,0
46046,0
46047,0
46048,0
46049,0
46050,0
46051,0
46052,0
46053,0
46054,0
46055,0
46056,0
46057,0
46058,0
46059,0
46060,0
46061,0
46062,0
46063,0
46064,0
46065,0
46066,0
46067,0
46068,0
46069,0
46070,0
46071,0
46072,0
46073,0
46074,0
46075,0
46076,0
46077,0
46078,0
46079,0
46080,0
46081,0
46082,0
46083,0
46084,0
46085,0
46086,0
46087,0
46088,0
46089,0
46090,0
46091,0
46092,0
46093,0
46094,0
46095,0
46096,0
46097,0
46098,0
46099,0
46100,0
46101,0
46102,0
46103,0
46104,0
46105,0
46106,0
46107,0
46108,0
46109,0
46110,0
46111,0
46112,0
46113,0
46114,0
46115,0
46116,0
46117,0
46118,0
46119,0
46120,0
46121,0
46122,0
46123,0
46124,0
46125,0
46126,0
46127,0
46128,0
46129,0
46130,0
46131,0
46132,0
46133,0
46134,0
46135,0
46136,0
46137,0
46138,0
46139,0
46140,0
46141,0
46142,0
46143,0
46144,0
46145,0
46146,0
46147,0
46148,0
46149,0
46150,0
46151,0
46152,0
46153,0
46154,0
46155,0
46156,0
46157,0
46158,0
46159,0
46160,0
46161,0
46162,0
46163,0
46164,0
46165,0
46166,0
46167,0
46168,0
46169,0
46170,0
46171,0
46172,0
46173,0
46174,0
46175,0
46176,0
46177,0
46178,0
46179,0
46180,0
46181,0
46182,0
46183,0
46184,0
46185,0
46186,0
46187,0
46188,0
46189,0
46190,0
46191,0
46192,0
46193,0
46194,0
46195,0
46196,0
46197,0
46198,0
46199,0
46200,0
46201,0
46202,0
46203,0
46204,0
46205,0
46206,0
46207,0
46208,0
46209,0
46210,0
46211,0
46212,0
46213,0
46214,0
46215,0
46216,0
46217,0
46218,0
46219,0
46220,0
46221,0
46222,0
46223,0
46224,0
46225,0
46226,0
46227,0
46228,0
46229,0
46230,0
46231,0
46232,0
46233,0
46234,0
46235,0
46236,0
46237,0
46238,0
46239,0
46240,0
46241,0
46242,0
46243,0
46244,0
46245,0
46246,0
46247,0
46248,0
46249,0
46250,0
46251,0
46252,0
46253,0
46254,0
46255,0
46256,0
46257,0
46258,0
46259,0
46260,0
46261,0
46262,0
46263,0
46264,0
46265,0
46266,0
46267,0
46268,0
46269,0
46270,0
46271,0
46272,0
46273,0
46274,0
46275,0
46276,0
46277,0
46278,0
46279,0
46280,0
46281,0
46282,0
46283,0
46284,0
46285,0
46286,0
46287,0
46288,0
46289,0
46290,0
46291,0
46292,0
46293,0
46294,0
46295,0
46296,0
46297,0
46298,0
46299,0
46300,0
46301,0
46302,0
46303,0
46304,0
46305,0
46306,0
46307,0
46308,0
46309,0
46310,0
46311,0
46312,0
46313,0
46314,0
46315,0
46316,0
46317,0
46318,0
46319,0
46320,0
46321,0
46322,0
46323,0
46324,0
46325,0
46326,0
46327,0
46328,0
46329,0
46330,0
46331,0
46332,0
46333,0
46334,0
46335,0
46336,0
46337,0
46338,0
46339,0
46340,0
46341,0
46342,0
46343,0
46344,0
46345,0
46346,0
46347,0
46348,0
46349,0
46350,0
46351,0
46352,0
46353,0
46354,0
46355,0
46356,0
46357,0
46358,0
46359,0
46360,0
46361,0
46362,0
46363,0
46364,0
46365,0
46366,0
46367,0
46368,0
46369,0
46370,0
46371,0
46372,0
46373,0
46374,0
46375,0
46376,0
46377,0
46378,0
46379,0
46380,0
46381,0
46382,0
46383,0
46384,0
46385,0
46386,0
46387,0
46388,0
46389,0
46390,0
46391,0
46392,0
46393,0
46394,0
46395,0
46396,0
46397,0
46398,0
46399,0
46400,0
46401,0
46402,0
46403,0
46404,0
46405,0
46406,0
46407,0
46408,0
46409,0
46410,0
46411,0
46412,0
46413,0
46414,0
46415,0
46416,0
46417,0
46418,0
46419,0
46420,0
46421,0
46422,0
46423,0
46424,0
46425,0
46426,0
46427,0
46428,0
46429,0
46430,0
46431,0
46432,0
46433,0
46434,0
46435,0
46436,0
46437,0
46438,0
46439,0
46440,0
46441,0
46442,0
46443,0
46444,0
46445,0
46446,0
46447,0
46448,0
46449,0
46450,0
46451,0
46452,0
46453,0
46454,0
46455,0
46456,0
46457,0
46458,0
46459,0
46460,0
46461,0
46462,0
46463,0
46464,0
46465,0
46466,0
46467,0
46468,0
46469,0
46470,0
46471,0
46472,0
46473,0
46474,0
46475,0
46476,0
46477,0
46478,0
46479,0
46480,0
46481,0
46482,0
46483,0
46484,0
46485,0
46486,0
46487,0
46488,0
46489,0
46490,0
46491,0
46492,0
46493,0
46494,0
46495,0
46496,0
46497,0
46498,0
46499,0
46500,0
46501,0
46502,0
46503,0
46504,0
46505,0
46506,0
46507,0
46508,0
46509,0
46510,0
46511,0
46512,0
46513,0
46514,0
46515,0
46516,0
46517,0
46518,0
46519,0
46520,0
46521,0
46522,0
46523,0
46524,0
46525,0
46526,0
46527,0
46528,0
46529,0
46530,0
46531,0
46532,0
46533,0
46534,0
46535,0
46536,0
46537,0
46538,0
46539,0
46540,0
46541,0
46542,0
46543,0
46544,0
46545,0
46546,0
46547,0
46548,0
46549,0
46550,0
46551,0
46552,0
46553,0
46554,0
46555,0
46556,0
46557,0
46558,0
46559,0
46560,0
46561,0
46562,0
46563,0
46564,0
46565,0
46566,0
46567,0
46568,0
46569,0
46570,0
46571,0
46572,0
46573,0
46574,0
46575,0
46576,0
46577,0
46578,0
46579,0
46580,0
46581,0
46582,0
46583,0
46584,0
46585,0
46586,0
46587,0
46588,0
46589,0
46590,0
46591,0
46592,0
46593,0
46594,0
46595,0
46596,0
46597,0
46598,0
46599,0
46600,0
46601,0
46602,0
46603,0
46604,0
46605,0
46606,0
46607,0
46608,0
46609,0
46610,0
46611,0
46612,0
46613,0
46614,0
46615,0
46616,0
46617,0
46618,0
46619,0
46620,0
46621,0
46622,0
46623,0
46624,0
46625,0
46626,0
46627,0
46628,0
46629,0
46630,0
46631,0
46632,0
46633,0
46634,0
46635,0
46636,0
46637,0
46638,0
46639,0
46640,0
46641,0
46642,0
46643,0
46644,0
46645,0
46646,0
46647,0
46648,0
46649,0
46650,0
46651,0
46652,0
46653,0
46654,0
46655,0
46656,0
46657,0
46658,0
46659,0
46660,0
46661,0
46662,0
46663,0
46664,0
46665,0
46666,0
46667,0
46668,0
46669,0
46670,0
46671,0
46672,0
46673,0
46674,0
46675,0
46676,0
46677,0
46678,0
46679,0
46680,0
46681,0
46682,0
46683,0
46684,0
46685,0
46686,0
46687,0
46688,0
46689,0
46690,0
46691,0
46692,0
46693,0
46694,0
46695,0
46696,0
46697,0
46698,0
46699,0
46700,0
46701,0
46702,0
46703,0
46704,0
46705,0
46706,0
46707,0
46708,0
46709,0
46710,0
46711,0
46712,0
46713,0
46714,0
46715,0
46716,0
46717,0
46718,0
46719,0
46720,0
46721,0
46722,0
46723,0
46724,0
46725,0
46726,0
46727,0
46728,0
46729,0
46730,0
46731,0
46732,0
46733,0
46734,0
46735,0
46736,0
46737,0
46738,0
46739,0
46740,0
46741,0
46742,0
46743,0
46744,0
46745,0
46746,0
46747,0
46748,0
46749,0
46750,0
46751,0
46752,0
46753,0
46754,0
46755,0
46756,0
46757,0
46758,0
46759,0
46760,0
46761,0
46762,0
46763,0
46764,0
46765,0
46766,0
46767,0
46768,0
46769,0
46770,0
46771,0
46772,0
46773,0
46774,0
46775,0
46776,0
46777,0
46778,0
46779,0
46780,0
46781,0
46782,0
46783,0
46784,0
46785,0
46786,0
46787,0
46788,0
46789,0
46790,0
46791,0
46792,0
46793,0
46794,0
46795,0
46796,0
46797,0
46798,0
46799,0
46800,0
46801,0
46802,0
46803,0
46804,0
46805,0
46806,0
46807,0
46808,0
46809,0
46810,0
46811,0
46812,0
46813,0
46814,0
46815,0
46816,0
46817,0
46818,0
46819,0
46820,0
46821,0
46822,0
46823,0
46824,0
46825,0
46826,0
46827,0
46828,0
46829,0
46830,0
46831,0
46832,0
46833,0
46834,0
46835,0
46836,0
46837,0
46838,0
46839,0
46840,0
46841,0
46842,0
46843,0
46844,0
46845,0
46846,0
46847,0
46848,0
46849,0
46850,0
46851,0
46852,0
46853,0
46854,0
46855,0
46856,0
46857,0
46858,0
46859,0
46860,0
46861,0
46862,0
46863,0
46864,0
46865,0
46866,0
46867,0
46868,0
46869,0
46870,0
46871,0
46872,0
46873,0
46874,0
46875,0
46876,0
46877,0
46878,0
46879,0
46880,0
46881,0
46882,0
46883,0
46884,0
46885,0
46886,0
46887,0
46888,0
46889,0
46890,0
46891,0
46892,0
46893,0
46894,0
46895,0
46896,0
46897,0
46898,0
46899,0
46900,0
46901,0
46902,0
46903,0
46904,0
46905,0
46906,0
46907,0
46908,0
46909,0
46910,0
46911,0
46912,0
46913,0
46914,0
46915,0
46916,0
46917,0
46918,0
46919,0
46920,0
46921,0
46922,0
46923,0
46924,0
46925,0
46926,0
46927,0
46928,0
46929,0
46930,0
46931,0
46932,0
46933,0
46934,0
46935,0
46936,0
46937,0
46938,0
46939,0
46940,0
46941,0
46942,0
46943,0
46944,0
46945,0
46946,0
46947,0
46948,0
46949,0
46950,0
46951,0
46952,0
46953,0
46954,0
46955,0
46956,0
46957,0
46958,0
46959,0
46960,0
46961,0
46962,0
46963,0
46964,0
46965,0
46966,0
46967,0
46968,0
46969,0
46970,0
46971,0
46972,0
46973,0
46974,0
46975,0
46976,0
46977,0
46978,0
46979,0
46980,0
46981,0
46982,0
46983,0
46984,0
46985,0
46986,0
46987,0
46988,0
46989,0
46990,0
46991,0
46992,0
46993,0
46994,0
46995,0
46996,0
46997,0
46998,0
46999,0
47000,0
47001,0
47002,0
47003,0
47004,0
47005,0
47006,0
47007,0
47008,0
47009,0
47010,0
47011,0
47012,0
47013,0
47014,0
47015,0
47016,0
47017,0
47018,0
47019,0
47020,0
47021,0
47022,0
47023,0
47024,0
47025,0
47026,0
47027,0
47028,0
47029,0
47030,0
47031,0
47032,0
47033,0
47034,0
47035,0
47036,0
47037,0
47038,0
47039,0
47040,0
47041,0
47042,0
47043,0
47044,0
47045,0
47046,0
47047,0
47048,0
47049,0
47050,0
47051,0
47052,0
47053,0
47054,0
47055,0
47056,0
47057,0
47058,0
47059,0
47060,0
47061,0
47062,0
47063,0
47064,0
47065,0
47066,0
47067,0
47068,0
47069,0
47070,0
47071,0
47072,0
47073,0
47074,0
47075,0
47076,0
47077,0
47078,0
47079,0
47080,0
47081,0
47082,0
47083,0
47084,0
47085,0
47086,0
47087,0
47088,0
47089,0
47090,0
47091,0
47092,0
47093,0
47094,0
47095,0
47096,0
47097,0
47098,0
47099,0
47100,0
47101,0
47102,0
47103,0
47104,0
47105,0
47106,0
47107,0
47108,0
47109,0
47110,0
47111,0
47112,0
47113,0
47114,0
47115,0
47116,0
47117,0
47118,0
47119,0
47120,0
47121,0
47122,0
47123,0
47124,0
47125,0
47126,0
47127,0
47128,0
47129,0
47130,0
47131,0
47132,0
47133,0
47134,0
47135,0
47136,0
47137,0
47138,0
47139,0
47140,0
47141,0
47142,0
47143,0
47144,0
47145,0
47146,0
47147,0
47148,0
47149,0
47150,0
47151,0
47152,0
47153,0
47154,0
47155,0
47156,0
47157,0
47158,0
47159,0
47160,0
47161,0
47162,0
47163,0
47164,0
47165,0
47166,0
47167,0
47168,0
47169,0
47170,0
47171,0
47172,0
47173,0
47174,0
47175,0
47176,0
47177,0
47178,0
47179,0
47180,0
47181,0
47182,0
47183,0
47184,0
47185,0
47186,0
47187,0
47188,0
47189,0
47190,0
47191,0
47192,0
47193,0
47194,0
47195,0
47196,0
47197,0
47198,0
47199,0
47200,0
47201,0
47202,0
47203,0
47204,0
47205,0
47206,0
47207,0
47208,0
47209,0
47210,0
47211,0
47212,0
47213,0
47214,0
47215,0
47216,0
47217,0
47218,0
47219,0
47220,0
47221,0
47222,0
47223,0
47224,0
47225,0
47226,0
47227,0
47228,0
47229,0
47230,0
47231,0
47232,0
47233,0
47234,0
47235,0
47236,0
47237,0
47238,0
47239,0
47240,0
47241,0
47242,0
47243,0
47244,0
47245,0
47246,0
47247,0
47248,0
47249,0
47250,0
47251,0
47252,0
47253,0
47254,0
47255,0
47256,0
47257,0
47258,0
47259,0
47260,0
47261,0
47262,0
47263,0
47264,0
47265,0
47266,0
47267,0
47268,0
47269,0
47270,0
47271,0
47272,0
47273,0
47274,0
47275,0
47276,0
47277,0
47278,0
47279,0
47280,0
47281,0
47282,0
47283,0
47284,0
47285,0
47286,0
47287,0
47288,0
47289,0
47290,0
47291,0
47292,0
47293,0
47294,0
47295,0
47296,0
47297,0
47298,0
47299,0
47300,0
47301,0
47302,0
47303,0
47304,0
47305,0
47306,0
47307,0
47308,0
47309,0
47310,0
47311,0
47312,0
47313,0
47314,0
47315,0
47316,0
47317,0
47318,0
47319,0
47320,0
47321,0
47322,0
47323,0
47324,0
47325,0
47326,0
47327,0
47328,0
47329,0
47330,0
47331,0
47332,0
47333,0
47334,0
47335,0
47336,0
47337,0
47338,0
47339,0
47340,0
47341,0
47342,0
47343,0
47344,0
47345,0
47346,0
47347,0
47348,0
47349,0
47350,0
47351,0
47352,0
47353,0
47354,0
47355,0
47356,0
47357,0
47358,0
47359,0
47360,0
47361,0
47362,0
47363,0
47364,0
47365,0
47366,0
47367,0
47368,0
47369,0
47370,0
47371,0
47372,0
47373,0
47374,0
47375,0
47376,0
47377,0
47378,0
47379,0
47380,0
47381,0
47382,0
47383,0
47384,0
47385,0
47386,0
47387,0
47388,0
47389,0
47390,0
47391,0
47392,0
47393,0
47394,0
47395,0
47396,0
47397,0
47398,0
47399,0
47400,0
47401,0
47402,0
47403,0
47404,0
47405,0
47406,0
47407,0
47408,0
47409,0
47410,0
47411,0
47412,0
47413,0
47414,0
47415,0
47416,0
47417,0
47418,0
47419,0
47420,0
47421,0
47422,0
47423,0
47424,0
47425,0
47426,0
47427,0
47428,0
47429,0
47430,0
47431,0
47432,0
47433,0
47434,0
47435,0
47436,0
47437,0
47438,0
47439,0
47440,0
47441,0
47442,0
47443,0
47444,0
47445,0
47446,0
47447,0
47448,0
47449,0
47450,0
47451,0
47452,0
47453,0
47454,0
47455,0
47456,0
47457,0
47458,0
47459,0
47460,0
47461,0
47462,0
47463,0
47464,0
47465,0
47466,0
47467,0
47468,0
47469,0
47470,0
47471,0
47472,0
47473,0
47474,0
47475,0
47476,0
47477,0
47478,0
47479,0
47480,0
47481,0
47482,0
47483,0
47484,0
47485,0
47486,0
47487,0
47488,0
47489,0
47490,0
47491,0
47492,0
47493,0
47494,0
47495,0
47496,0
47497,0
47498,0
47499,0
47500,0
47501,0
47502,0
47503,0
47504,0
47505,0
47506,0
47507,0
47508,0
47509,0
47510,0
47511,0
47512,0
47513,0
47514,0
47515,0
47516,0
47517,0
47518,0
47519,0
47520,0
47521,0
47522,0
47523,0
47524,0
47525,0
47526,0
47527,0
47528,0
47529,0
47530,0
47531,0
47532,0
47533,0
47534,0
47535,0
47536,0
47537,0
47538,0
47539,0
47540,0
47541,0
47542,0
47543,0
47544,0
47545,0
47546,0
47547,0
47548,0
47549,0
47550,0
47551,0
47552,0
47553,0
47554,0
47555,0
47556,0
47557,0
47558,0
47559,0
47560,0
47561,0
47562,0
47563,0
47564,0
47565,0
47566,0
47567,0
47568,0
47569,0
47570,0
47571,0
47572,0
47573,0
47574,0
47575,0
47576,0
47577,0
47578,0
47579,0
47580,0
47581,0
47582,0
47583,0
47584,0
47585,0
47586,0
47587,0
47588,0
47589,0
47590,0
47591,0
47592,0
47593,0
47594,0
47595,0
47596,0
47597,0
47598,0
47599,0
47600,0
47601,0
47602,0
47603,0
47604,0
47605,0
47606,0
47607,0
47608,0
47609,0
47610,0
47611,0
47612,0
47613,0
47614,0
47615,0
47616,0
47617,0
47618,0
47619,0
47620,0
47621,0
47622,0
47623,0
47624,0
47625,0
47626,0
47627,0
47628,0
47629,0
47630,0
47631,0
47632,0
47633,0
47634,0
47635,0
47636,0
47637,0
47638,0
47639,0
47640,0
47641,0
47642,0
47643,0
47644,0
47645,0
47646,0
47647,0
47648,0
47649,0
47650,0
47651,0
47652,0
47653,0
47654,0
47655,0
47656,0
47657,0
47658,0
47659,0
47660,0
47661,0
47662,0
47663,0
47664,0
47665,0
47666,0
47667,0
47668,0
47669,0
47670,0
47671,0
47672,0
47673,0
47674,0
47675,0
47676,0
47677,0
47678,0
47679,0
47680,0
47681,0
47682,0
47683,0
47684,0
47685,0
47686,0
47687,0
47688,0
47689,0
47690,0
47691,0
47692,0
47693,0
47694,0
47695,0
47696,0
47697,0
47698,0
47699,0
47700,0
47701,0
47702,0
47703,0
47704,0
47705,0
47706,0
47707,0
47708,0
47709,0
47710,0
47711,0
47712,0
47713,0
47714,0
47715,0
47716,0
47717,0
47718,0
47719,0
47720,0
47721,0
47722,0
47723,0
47724,0
47725,0
47726,0
47727,0
47728,0
47729,0
47730,0
47731,0
47732,0
47733,0
47734,0
47735,0
47736,0
47737,0
47738,0
47739,0
47740,0
47741,0
47742,0
47743,0
47744,0
47745,0
47746,0
47747,0
47748,0
47749,0
47750,0
47751,0
47752,0
47753,0
47754,0
47755,0
47756,0
47757,0
47758,0
47759,0
47760,0
47761,0
47762,0
47763,0
47764,0
47765,0
47766,0
47767,0
47768,0
47769,0
47770,0
47771,0
47772,0
47773,0
47774,0
47775,0
47776,0
47777,0
47778,0
47779,0
47780,0
47781,0
47782,0
47783,0
47784,0
47785,0
47786,0
47787,0
47788,0
47789,0
47790,0
47791,0
47792,0
47793,0
47794,0
47795,0
47796,0
47797,0
47798,0
47799,0
47800,0
47801,0
47802,0
47803,0
47804,0
47805,0
47806,0
47807,0
47808,0
47809,0
47810,0
47811,0
47812,0
47813,0
47814,0
47815,0
47816,0
47817,0
47818,0
47819,0
47820,0
47821,0
47822,0
47823,0
47824,0
47825,0
47826,0
47827,0
47828,0
47829,0
47830,0
47831,0
47832,0
47833,0
47834,0
47835,0
47836,0
47837,0
47838,0
47839,0
47840,0
47841,0
47842,0
47843,0
47844,0
47845,0
47846,0
47847,0
47848,0
47849,0
47850,0
47851,0
47852,0
47853,0
47854,0
47855,0
47856,0
47857,0
47858,0
47859,0
47860,0
47861,0
47862,0
47863,0
47864,0
47865,0
47866,0
47867,0
47868,0
47869,0
47870,0
47871,0
47872,0
47873,0
47874,0
47875,0
47876,0
47877,0
47878,0
47879,0
47880,0
47881,0
47882,0
47883,0
47884,0
47885,0
47886,0
47887,0
47888,0
47889,0
47890,0
47891,0
47892,0
47893,0
47894,0
47895,0
47896,0
47897,0
47898,0
47899,0
47900,0
47901,0
47902,0
47903,0
47904,0
47905,0
47906,0
47907,0
47908,0
47909,0
47910,0
47911,0
47912,0
47913,0
47914,0
47915,0
47916,0
47917,0
47918,0
47919,0
47920,0
47921,0
47922,0
47923,0
47924,0
47925,0
47926,0
47927,0
47928,0
47929,0
47930,0
47931,0
47932,0
47933,0
47934,0
47935,0
47936,0
47937,0
47938,0
47939,0
47940,0
47941,0
47942,0
47943,0
47944,0
47945,0
47946,0
47947,0
47948,0
47949,0
47950,0
47951,0
47952,0
47953,0
47954,0
47955,0
47956,0
47957,0
47958,0
47959,0
47960,0
47961,0
47962,0
47963,0
47964,0
47965,0
47966,0
47967,0
47968,0
47969,0
47970,0
47971,0
47972,0
47973,0
47974,0
47975,0
47976,0
47977,0
47978,0
47979,0
47980,0
47981,0
47982,0
47983,0
47984,0
47985,0
47986,0
47987,0
47988,0
47989,0
47990,0
47991,0
47992,0
47993,0
47994,0
47995,0
47996,0
47997,0
47998,0
47999,0
48000,0
48001,0
48002,0
48003,0
48004,0
48005,0
48006,0
48007,0
48008,0
48009,0
48010,0
48011,0
48012,0
48013,0
48014,0
48015,0
48016,0
48017,0
48018,0
48019,0
48020,0
48021,0
48022,0
48023,0
48024,0
48025,0
48026,0
48027,0
48028,0
48029,0
48030,0
48031,0
48032,0
48033,0
48034,0
48035,0
48036,0
48037,0
48038,0
48039,0
48040,0
48041,0
48042,0
48043,0
48044,0
48045,0
48046,0
48047,0
48048,0
48049,0
48050,0
48051,0
48052,0
48053,0
48054,0
48055,0
48056,0
48057,0
48058,0
48059,0
48060,0
48061,0
48062,0
48063,0
48064,0
48065,0
48066,0
48067,0
48068,0
48069,0
48070,0
48071,0
48072,0
48073,0
48074,0
48075,0
48076,0
48077,0
48078,0
48079,0
48080,0
48081,0
48082,0
48083,0
48084,0
48085,0
48086,0
48087,0
48088,0
48089,0
48090,0
48091,0
48092,0
48093,0
48094,0
48095,0
48096,0
48097,0
48098,0
48099,0
48100,0
48101,0
48102,0
48103,0
48104,0
48105,0
48106,0
48107,0
48108,0
48109,0
48110,0
48111,0
48112,0
48113,0
48114,0
48115,0
48116,0
48117,0
48118,0
48119,0
48120,0
48121,0
48122,0
48123,0
48124,0
48125,0
48126,0
48127,0
48128,0
48129,0
48130,0
48131,0
48132,0
48133,0
48134,0
48135,0
48136,0
48137,0
48138,0
48139,0
48140,0
48141,0
48142,0
48143,0
48144,0
48145,0
48146,0
48147,0
48148,0
48149,0
48150,0
48151,0
48152,0
48153,0
48154,0
48155,0
48156,0
48157,0
48158,0
48159,0
48160,0
48161,0
48162,0
48163,0
48164,0
48165,0
48166,0
48167,0
48168,0
48169,0
48170,0
48171,0
48172,0
48173,0
48174,0
48175,0
48176,0
48177,0
48178,0
48179,0
48180,0
48181,0
48182,0
48183,0
48184,0
48185,0
48186,0
48187,0
48188,0
48189,0
48190,0
48191,0
48192,0
48193,0
48194,0
48195,0
48196,0
48197,0
48198,0
48199,0
48200,0
48201,0
48202,0
48203,0
48204,0
48205,0
48206,0
48207,0
48208,0
48209,0
48210,0
48211,0
48212,0
48213,0
48214,0
48215,0
48216,0
48217,0
48218,0
48219,0
48220,0
48221,0
48222,0
48223,0
48224,0
48225,0
48226,0
48227,0
48228,0
48229,0
48230,0
48231,0
48232,0
48233,0
48234,0
48235,0
48236,0
48237,0
48238,0
48239,0
48240,0
48241,0
48242,0
48243,0
48244,0
48245,0
48246,0
48247,0
48248,0
48249,0
48250,0
48251,0
48252,0
48253,0
48254,0
48255,0
48256,0
48257,0
48258,0
48259,0
48260,0
48261,0
48262,0
48263,0
48264,0
48265,0
48266,0
48267,0
48268,0
48269,0
48270,0
48271,0
48272,0
48273,0
48274,0
48275,0
48276,0
48277,0
48278,0
48279,0
48280,0
48281,0
48282,0
48283,0
48284,0
48285,0
48286,0
48287,0
48288,0
48289,0
48290,0
48291,0
48292,0
48293,0
48294,0
48295,0
48296,0
48297,0
48298,0
48299,0
48300,0
48301,0
48302,0
48303,0
48304,0
48305,0
48306,0
48307,0
48308,0
48309,0
48310,0
48311,0
48312,0
48313,0
48314,0
48315,0
48316,0
48317,0
48318,0
48319,0
48320,0
48321,0
48322,0
48323,0
48324,0
48325,0
48326,0
48327,0
48328,0
48329,0
48330,0
48331,0
48332,0
48333,0
48334,0
48335,0
48336,0
48337,0
48338,0
48339,0
48340,0
48341,0
48342,0
48343,0
48344,0
48345,0
48346,0
48347,0
48348,0
48349,0
48350,0
48351,0
48352,0
48353,0
48354,0
48355,0
48356,0
48357,0
48358,0
48359,0
48360,0
48361,0
48362,0
48363,0
48364,0
48365,0
48366,0
48367,0
48368,0
48369,0
48370,0
48371,0
48372,0
48373,0
48374,0
48375,0
48376,0
48377,0
48378,0
48379,0
48380,0
48381,0
48382,0
48383,0
48384,0
48385,0
48386,0
48387,0
48388,0
48389,0
48390,0
48391,0
48392,0
48393,0
48394,0
48395,0
48396,0
48397,0
48398,0
48399,0
48400,0
48401,0
48402,0
48403,0
48404,0
48405,0
48406,0
48407,0
48408,0
48409,0
48410,0
48411,0
48412,0
48413,0
48414,0
48415,0
48416,0
48417,0
48418,0
48419,0
48420,0
48421,0
48422,0
48423,0
48424,0
48425,0
48426,0
48427,0
48428,0
48429,0
48430,0
48431,0
48432,0
48433,0
48434,0
48435,0
48436,0
48437,0
48438,0
48439,0
48440,0
48441,0
48442,0
48443,0
48444,0
48445,0
48446,0
48447,0
48448,0
48449,0
48450,0
48451,0
48452,0
48453,0
48454,0
48455,0
48456,0
48457,0
48458,0
48459,0
48460,0
48461,0
48462,0
48463,0
48464,0
48465,0
48466,0
48467,0
48468,0
48469,0
48470,0
48471,0
48472,0
48473,0
48474,0
48475,0
48476,0
48477,0
48478,0
48479,0
48480,0
48481,0
48482,0
48483,0
48484,0
48485,0
48486,0
48487,0
48488,0
48489,0
48490,0
48491,0
48492,0
48493,0
48494,0
48495,0
48496,0
48497,0
48498,0
48499,0
48500,0
48501,0
48502,0
48503,0
48504,0
48505,0
48506,0
48507,0
48508,0
48509,0
48510,0
48511,0
48512,0
48513,0
48514,0
48515,0
48516,0
48517,0
48518,0
48519,0
48520,0
48521,0
48522,0
48523,0
48524,0
48525,0
48526,0
48527,0
48528,0
48529,0
48530,0
48531,0
48532,0
48533,0
48534,0
48535,0
48536,0
48537,0
48538,0
48539,0
48540,0
48541,0
48542,0
48543,0
48544,0
48545,0
48546,0
48547,0
48548,0
48549,0
48550,0
48551,0
48552,0
48553,0
48554,0
48555,0
48556,0
48557,0
48558,0
48559,0
48560,0
48561,0
48562,0
48563,0
48564,0
48565,0
48566,0
48567,0
48568,0
48569,0
48570,0
48571,0
48572,0
48573,0
48574,0
48575,0
48576,0
48577,0
48578,0
48579,0
48580,0
48581,0
48582,0
48583,0
48584,0
48585,0
48586,0
48587,0
48588,0
48589,0
48590,0
48591,0
48592,0
48593,0
48594,0
48595,0
48596,0
48597,0
48598,0
48599,0
48600,0
48601,0
48602,0
48603,0
48604,0
48605,0
48606,0
48607,0
48608,0
48609,0
48610,0
48611,0
48612,0
48613,0
48614,0
48615,0
48616,0
48617,0
48618,0
48619,0
48620,0
48621,0
48622,0
48623,0
48624,0
48625,0
48626,0
48627,0
48628,0
48629,0
48630,0
48631,0
48632,0
48633,0
48634,0
48635,0
48636,0
48637,0
48638,0
48639,0
48640,0
48641,0
48642,0
48643,0
48644,0
48645,0
48646,0
48647,0
48648,0
48649,0
48650,0
48651,0
48652,0
48653,0
48654,0
48655,0
48656,0
48657,0
48658,0
48659,0
48660,0
48661,0
48662,0
48663,0
48664,0
48665,0
48666,0
48667,0
48668,0
48669,0
48670,0
48671,0
48672,0
48673,0
48674,0
48675,0
48676,0
48677,0
48678,0
48679,0
48680,0
48681,0
48682,0
48683,0
48684,0
48685,0
48686,0
48687,0
48688,0
48689,0
48690,0
48691,0
48692,0
48693,0
48694,0
48695,0
48696,0
48697,0
48698,0
48699,0
48700,0
48701,0
48702,0
48703,0
48704,0
48705,0
48706,0
48707,0
48708,0
48709,0
48710,0
48711,0
48712,0
48713,0
48714,0
48715,0
48716,0
48717,0
48718,0
48719,0
48720,0
48721,0
48722,0
48723,0
48724,0
48725,0
48726,0
48727,0
48728,0
48729,0
48730,0
48731,0
48732,0
48733,0
48734,0
48735,0
48736,0
48737,0
48738,0
48739,0
48740,0
48741,0
48742,0
48743,0
48744,0
48745,0
48746,0
48747,0
48748,0
48749,0
48750,0
48751,0
48752,0
48753,0
48754,0
48755,0
48756,0
48757,0
48758,0
48759,0
48760,0
48761,0
48762,0
48763,0
48764,0
48765,0
48766,0
48767,0
48768,0
48769,0
48770,0
48771,0
48772,0
48773,0
48774,0
48775,0
48776,0
48777,0
48778,0
48779,0
48780,0
48781,0
48782,0
48783,0
48784,0
48785,0
48786,0
48787,0
48788,0
48789,0
48790,0
48791,0
48792,0
48793,0
48794,0
48795,0
48796,0
48797,0
48798,0
48799,0
48800,0
48801,0
48802,0
48803,0
48804,0
48805,0
48806,0
48807,0
48808,0
48809,0
48810,0
48811,0
48812,0
48813,0
48814,0
48815,0
48816,0
48817,0
48818,0
48819,0
48820,0
48821,0
48822,0
48823,0
48824,0
48825,0
48826,0
48827,0
48828,0
48829,0
48830,0
48831,0
48832,0
48833,0
48834,0
48835,0
48836,0
48837,0
48838,0
48839,0
48840,0
48841,0
48842,0
48843,0
48844,0
48845,0
48846,0
48847,0
48848,0
48849,0
48850,0
48851,0
48852,0
48853,0
48854,0
48855,0
48856,0
48857,0
48858,0
48859,0
48860,0
48861,0
48862,0
48863,0
48864,0
48865,0
48866,0
48867,0
48868,0
48869,0
48870,0
48871,0
48872,0
48873,0
48874,0
48875,0
48876,0
48877,0
48878,0
48879,0
48880,0
48881,0
48882,0
48883,0
48884,0
48885,0
48886,0
48887,0
48888,0
48889,0
48890,0
48891,0
48892,0
48893,0
48894,0
48895,0
48896,0
48897,0
48898,0
48899,0
48900,0
48901,0
48902,0
48903,0
48904,0
48905,0
48906,0
48907,0
48908,0
48909,0
48910,0
48911,0
48912,0
48913,0
48914,0
48915,0
48916,0
48917,0
48918,0
48919,0
48920,0
48921,0
48922,0
48923,0
48924,0
48925,0
48926,0
48927,0
48928,0
48929,0
48930,0
48931,0
48932,0
48933,0
48934,0
48935,0
48936,0
48937,0
48938,0
48939,0
48940,0
48941,0
48942,0
48943,0
48944,0
48945,0
48946,0
48947,0
48948,0
48949,0
48950,0
48951,0
48952,0
48953,0
48954,0
48955,0
48956,0
48957,0
48958,0
48959,0
48960,0
48961,0
48962,0
48963,0
48964,0
48965,0
48966,0
48967,0
48968,0
48969,0
48970,0
48971,0
48972,0
48973,0
48974,0
48975,0
48976,0
48977,0
48978,0
48979,0
48980,0
48981,0
48982,0
48983,0
48984,0
48985,0
48986,0
48987,0
48988,0
48989,0
48990,0
48991,0
48992,0
48993,0
48994,0
48995,0
48996,0
48997,0
48998,0
48999,0
49000,0
49001,0
49002,0
49003,0
49004,0
49005,0
49006,0
49007,0
49008,0
49009,0
49010,0
49011,0
49012,0
49013,0
49014,0
49015,0
49016,0
49017,0
49018,0
49019,0
49020,0
49021,0
49022,0
49023,0
49024,0
49025,0
49026,0
49027,0
49028,0
49029,0
49030,0
49031,0
49032,0
49033,0
49034,0
49035,0
49036,0
49037,0
49038,0
49039,0
49040,0
49041,0
49042,0
49043,0
49044,0
49045,0
49046,0
49047,0
49048,0
49049,0
49050,0
49051,0
49052,0
49053,0
49054,0
49055,0
49056,0
49057,0
49058,0
49059,0
49060,0
49061,0
49062,0
49063,0
49064,0
49065,0
49066,0
49067,0
49068,0
49069,0
49070,0
49071,0
49072,0
49073,0
49074,0
49075,0
49076,0
49077,0
49078,0
49079,0
49080,0
49081,0
49082,0
49083,0
49084,0
49085,0
49086,0
49087,0
49088,0
49089,0
49090,0
49091,0
49092,0
49093,0
49094,0
49095,0
49096,0
49097,0
49098,0
49099,0
49100,0
49101,0
49102,0
49103,0
49104,0
49105,0
49106,0
49107,0
49108,0
49109,0
49110,0
49111,0
49112,0
49113,0
49114,0
49115,0
49116,0
49117,0
49118,0
49119,0
49120,0
49121,0
49122,0
49123,0
49124,0
49125,0
49126,0
49127,0
49128,0
49129,0
49130,0
49131,0
49132,0
49133,0
49134,0
49135,0
49136,0
49137,0
49138,0
49139,0
49140,0
49141,0
49142,0
49143,0
49144,0
49145,0
49146,0
49147,0
49148,0
49149,0
49150,0
49151,0
49152,0
49153,0
49154,0
49155,0
49156,0
49157,0
49158,0
49159,0
49160,0
49161,0
49162,0
49163,0
49164,0
49165,0
49166,0
49167,0
49168,0
49169,0
49170,0
49171,0
49172,0
49173,0
49174,0
49175,0
49176,0
49177,0
49178,0
49179,0
49180,0
49181,0
49182,0
49183,0
49184,0
49185,0
49186,0
49187,0
49188,0
49189,0
49190,0
49191,0
49192,0
49193,0
49194,0
49195,0
49196,0
49197,0
49198,0
49199,0
49200,0
49201,0
49202,0
49203,0
49204,0
49205,0
49206,0
49207,0
49208,0
49209,0
49210,0
49211,0
49212,0
49213,0
49214,0
49215,0
49216,0
49217,0
49218,0
49219,0
49220,0
49221,0
49222,0
49223,0
49224,0
49225,0
49226,0
49227,0
49228,0
49229,0
49230,0
49231,0
49232,0
49233,0
49234,0
49235,0
49236,0
49237,0
49238,0
49239,0
49240,0
49241,0
49242,0
49243,0
49244,0
49245,0
49246,0
49247,0
49248,0
49249,0
49250,0
49251,0
49252,0
49253,0
49254,0
49255,0
49256,0
49257,0
49258,0
49259,0
49260,0
49261,0
49262,0
49263,0
49264,0
49265,0
49266,0
49267,0
49268,0
49269,0
49270,0
49271,0
49272,0
49273,0
49274,0
49275,0
49276,0
49277,0
49278,0
49279,0
49280,0
49281,0
49282,0
49283,0
49284,0
49285,0
49286,0
49287,0
49288,0
49289,0
49290,0
49291,0
49292,0
49293,0
49294,0
49295,0
49296,0
49297,0
49298,0
49299,0
49300,0
49301,0
49302,0
49303,0
49304,0
49305,0
49306,0
49307,0
49308,0
49309,0
49310,0
49311,0
49312,0
49313,0
49314,0
49315,0
49316,0
49317,0
49318,0
49319,0
49320,0
49321,0
49322,0
49323,0
49324,0
49325,0
49326,0
49327,0
49328,0
49329,0
49330,0
49331,0
49332,0
49333,0
49334,0
49335,0
49336,0
49337,0
49338,0
49339,0
49340,0
49341,0
49342,0
49343,0
49344,0
49345,0
49346,0
49347,0
49348,0
49349,0
49350,0
49351,0
49352,0
49353,0
49354,0
49355,0
49356,0
49357,0
49358,0
49359,0
49360,0
49361,0
49362,0
49363,0
49364,0
49365,0
49366,0
49367,0
49368,0
49369,0
49370,0
49371,0
49372,0
49373,0
49374,0
49375,0
49376,0
49377,0
49378,0
49379,0
49380,0
49381,0
49382,0
49383,0
49384,0
49385,0
49386,0
49387,0
49388,0
49389,0
49390,0
49391,0
49392,0
49393,0
49394,0
49395,0
49396,0
49397,0
49398,0
49399,0
49400,0
49401,0
49402,0
49403,0
49404,0
49405,0
49406,0
49407,0
49408,0
49409,0
49410,0
49411,0
49412,0
49413,0
49414,0
49415,0
49416,0
49417,0
49418,0
49419,0
49420,0
49421,0
49422,0
49423,0
49424,0
49425,0
49426,0
49427,0
49428,0
49429,0
49430,0
49431,0
49432,0
49433,0
49434,0
49435,0
49436,0
49437,0
49438,0
49439,0
49440,0
49441,0
49442,0
49443,0
49444,0
49445,0
49446,0
49447,0
49448,0
49449,0
49450,0
49451,0
49452,0
49453,0
49454,0
49455,0
49456,0
49457,0
49458,0
49459,0
49460,0
49461,0
49462,0
49463,0
49464,0
49465,0
49466,0
49467,0
49468,0
49469,0
49470,0
49471,0
49472,0
49473,0
49474,0
49475,0
49476,0
49477,0
49478,0
49479,0
49480,0
49481,0
49482,0
49483,0
49484,0
49485,0
49486,0
49487,0
49488,0
49489,0
49490,0
49491,0
49492,0
49493,0
49494,0
49495,0
49496,0
49497,0
49498,0
49499,0
49500,0
49501,0
49502,0
49503,0
49504,0
49505,0
49506,0
49507,0
49508,0
49509,0
49510,0
49511,0
49512,0
49513,0
49514,0
49515,0
49516,0
49517,0
49518,0
49519,0
49520,0
49521,0
49522,0
49523,0
49524,0
49525,0
49526,0
49527,0
49528,0
49529,0
49530,0
49531,0
49532,0
49533,0
49534,0
49535,0
49536,0
49537,0
49538,0
49539,0
49540,0
49541,0
49542,0
49543,0
49544,0
49545,0
49546,0
49547,0
49548,0
49549,0
49550,0
49551,0
49552,0
49553,0
49554,0
49555,0
49556,0
49557,0
49558,0
49559,0
49560,0
49561,0
49562,0
49563,0
49564,0
49565,0
49566,0
49567,0
49568,0
49569,0
49570,0
49571,0
49572,0
49573,0
49574,0
49575,0
49576,0
49577,0
49578,0
49579,0
49580,0
49581,0
49582,0
49583,0
49584,0
49585,0
49586,0
49587,0
49588,0
49589,0
49590,0
49591,0
49592,0
49593,0
49594,0
49595,0
49596,0
49597,0
49598,0
49599,0
49600,0
49601,0
49602,0
49603,0
49604,0
49605,0
49606,0
49607,0
49608,0
49609,0
49610,0
49611,0
49612,0
49613,0
49614,0
49615,0
49616,0
49617,0
49618,0
49619,0
49620,0
49621,0
49622,0
49623,0
49624,0
49625,0
49626,0
49627,0
49628,0
49629,0
49630,0
49631,0
49632,0
49633,0
49634,0
49635,0
49636,0
49637,0
49638,0
49639,0
49640,0
49641,0
49642,0
49643,0
49644,0
49645,0
49646,0
49647,0
49648,0
49649,0
49650,0
49651,0
49652,0
49653,0
49654,0
49655,0
49656,0
49657,0
49658,0
49659,0
49660,0
49661,0
49662,0
49663,0
49664,0
49665,0
49666,0
49667,0
49668,0
49669,0
49670,0
49671,0
49672,0
49673,0
49674,0
49675,0
49676,0
49677,0
49678,0
49679,0
49680,0
49681,0
49682,0
49683,0
49684,0
49685,0
49686,0
49687,0
49688,0
49689,0
49690,0
49691,0
49692,0
49693,0
49694,0
49695,0
49696,0
49697,0
49698,0
49699,0
49700,0
49701,0
49702,0
49703,0
49704,0
49705,0
49706,0
49707,0
49708,0
49709,0
49710,0
49711,0
49712,0
49713,0
49714,0
49715,0
49716,0
49717,0
49718,0
49719,0
49720,0
49721,0
49722,0
49723,0
49724,0
49725,0
49726,0
49727,0
49728,0
49729,0
49730,0
49731,0
49732,0
49733,0
49734,0
49735,0
49736,0
49737,0
49738,0
49739,0
49740,0
49741,0
49742,0
49743,0
49744,0
49745,0
49746,0
49747,0
49748,0
49749,0
49750,0
49751,0
49752,0
49753,0
49754,0
49755,0
49756,0
49757,0
49758,0
49759,0
49760,0
49761,0
49762,0
49763,0
49764,0
49765,0
49766,0
49767,0
49768,0
49769,0
49770,0
49771,0
49772,0
49773,0
49774,0
49775,0
49776,0
49777,0
49778,0
49779,0
49780,0
49781,0
49782,0
49783,0
49784,0
49785,0
49786,0
49787,0
49788,0
49789,0
49790,0
49791,0
49792,0
49793,0
49794,0
49795,0
49796,0
49797,0
49798,0
49799,0
49800,0
49801,0
49802,0
49803,0
49804,0
49805,0
49806,0
49807,0
49808,0
49809,0
49810,0
49811,0
49812,0
49813,0
49814,0
49815,0
49816,0
49817,0
49818,0
49819,0
49820,0
49821,0
49822,0
49823,0
49824,0
49825,0
49826,0
49827,0
49828,0
49829,0
49830,0
49831,0
49832,0
49833,0
49834,0
49835,0
49836,0
49837,0
49838,0
49839,0
49840,0
49841,0
49842,0
49843,0
49844,0
49845,0
49846,0
49847,0
49848,0
49849,0
49850,0
49851,0
49852,0
49853,0
49854,0
49855,0
49856,0
49857,0
49858,0
49859,0
49860,0
49861,0
49862,0
49863,0
49864,0
49865,0
49866,0
49867,0
49868,0
49869,0
49870,0
49871,0
49872,0
49873,0
49874,0
49875,0
49876,0
49877,0
49878,0
49879,0
49880,0
49881,0
49882,0
49883,0
49884,0
49885,0
49886,0
49887,0
49888,0
49889,0
49890,0
49891,0
49892,0
49893,0
49894,0
49895,0
49896,0
49897,0
49898,0
49899,0
49900,0
49901,0
49902,0
49903,0
49904,0
49905,0
49906,0
49907,0
49908,0
49909,0
49910,0
49911,0
49912,0
49913,0
49914,0
49915,0
49916,0
49917,0
49918,0
49919,0
49920,0
49921,0
49922,0
49923,0
49924,0
49925,0
49926,0
49927,0
49928,0
49929,0
49930,0
49931,0
49932,0
49933,0
49934,0
49935,0
49936,0
49937,0
49938,0
49939,0
49940,0
49941,0
49942,0
49943,0
49944,0
49945,0
49946,0
49947,0
49948,0
49949,0
49950,0
49951,0
49952,0
49953,0
49954,0
49955,0
49956,0
49957,0
49958,0
49959,0
49960,0
49961,0
49962,0
49963,0
49964,0
49965,0
49966,0
49967,0
49968,0
49969,0
49970,0
49971,0
49972,0
49973,0
49974,0
49975,0
49976,0
49977,0
49978,0
49979,0
49980,0
49981,0
49982,0
49983,0
49984,0
49985,0
49986,0
49987,0
49988,0
49989,0
49990,0
49991,0
49992,0
49993,0
49994,0
49995,0
49996,0
49997,0
49998,0
49999,0
50000,0
50001,0
50002,0
50003,0
50004,0
50005,0
50006,0
50007,0
50008,0
50009,0
50010,0
50011,0
50012,0
50013,0
50014,0
50015,0
50016,0
50017,0
50018,0
50019,0
50020,0
50021,0
50022,0
50023,0
50024,0
50025,0
50026,0
50027,0
50028,0
50029,0
50030,0
50031,0
50032,0
50033,0
50034,0
50035,0
50036,0
50037,0
50038,0
50039,0
50040,0
50041,0
50042,0
50043,0
50044,0
50045,0
50046,0
50047,0
50048,0
50049,0
50050,0
50051,0
50052,0
50053,0
50054,0
50055,0
50056,0
50057,0
50058,0
50059,0
50060,0
50061,0
50062,0
50063,0
50064,0
50065,0
50066,0
50067,0
50068,0
50069,0
50070,0
50071,0
50072,0
50073,0
50074,0
50075,0
50076,0
50077,0
50078,0
50079,0
50080,0
50081,0
50082,0
50083,0
50084,0
50085,0
50086,0
50087,0
50088,0
50089,0
50090,0
50091,0
50092,0
50093,0
50094,0
50095,0
50096,0
50097,0
50098,0
50099,0
50100,0
50101,0
50102,0
50103,0
50104,0
50105,0
50106,0
50107,0
50108,0
50109,0
50110,0
50111,0
50112,0
50113,0
50114,0
50115,0
50116,0
50117,0
50118,0
50119,0
50120,0
50121,0
50122,0
50123,0
50124,0
50125,0
50126,0
50127,0
50128,0
50129,0
50130,0
50131,0
50132,0
50133,0
50134,0
50135,0
50136,0
50137,0
50138,0
50139,0
50140,0
50141,0
50142,0
50143,0
50144,0
50145,0
50146,0
50147,0
50148,0
50149,0
50150,0
50151,0
50152,0
50153,0
50154,0
50155,0
50156,0
50157,0
50158,0
50159,0
50160,0
50161,0
50162,0
50163,0
50164,0
50165,0
50166,0
50167,0
50168,0
50169,0
50170,0
50171,0
50172,0
50173,0
50174,0
50175,0
50176,0
50177,0
50178,0
50179,0
50180,0
50181,0
50182,0
50183,0
50184,0
50185,0
50186,0
50187,0
50188,0
50189,0
50190,0
50191,0
50192,0
50193,0
50194,0
50195,0
50196,0
50197,0
50198,0
50199,0
50200,0
50201,0
50202,0
50203,0
50204,0
50205,0
50206,0
50207,0
50208,0
50209,0
50210,0
50211,0
50212,0
50213,0
50214,0
50215,0
50216,0
50217,0
50218,0
50219,0
50220,0
50221,0
50222,0
50223,0
50224,0
50225,0
50226,0
50227,0
50228,0
50229,0
50230,0
50231,0
50232,0
50233,0
50234,0
50235,0
50236,0
50237,0
50238,0
50239,0
50240,0
50241,0
50242,0
50243,0
50244,0
50245,0
50246,0
50247,0
50248,0
50249,0
50250,0
50251,0
50252,0
50253,0
50254,0
50255,0
50256,0
50257,0
50258,0
50259,0
50260,0
50261,0
50262,0
50263,0
50264,0
50265,0
50266,0
50267,0
50268,0
50269,0
50270,0
50271,0
50272,0
50273,0
50274,0
50275,0
50276,0
50277,0
50278,0
50279,0
50280,0
50281,0
50282,0
50283,0
50284,0
50285,0
50286,0
50287,0
50288,0
50289,0
50290,0
50291,0
50292,0
50293,0
50294,0
50295,0
50296,0
50297,0
50298,0
50299,0
50300,0
50301,0
50302,0
50303,0
50304,0
50305,0
50306,0
50307,0
50308,0
50309,0
50310,0
50311,0
50312,0
50313,0
50314,0
50315,0
50316,0
50317,0
50318,0
50319,0
50320,0
50321,0
50322,0
50323,0
50324,0
50325,0
50326,0
50327,0
50328,0
50329,0
50330,0
50331,0
50332,0
50333,0
50334,0
50335,0
50336,0
50337,0
50338,0
50339,0
50340,0
50341,0
50342,0
50343,0
50344,0
50345,0
50346,0
50347,0
50348,0
50349,0
50350,0
50351,0
50352,0
50353,0
50354,0
50355,0
50356,0
50357,0
50358,0
50359,0
50360,0
50361,0
50362,0
50363,0
50364,0
50365,0
50366,0
50367,0
50368,0
50369,0
50370,0
50371,0
50372,0
50373,0
50374,0
50375,0
50376,0
50377,0
50378,0
50379,0
50380,0
50381,0
50382,0
50383,0
50384,0
50385,0
50386,0
50387,0
50388,0
50389,0
50390,0
50391,0
50392,0
50393,0
50394,0
50395,0
50396,0
50397,0
50398,0
50399,0
50400,0
50401,0
50402,0
50403,0
50404,0
50405,0
50406,0
50407,0
50408,0
50409,0
50410,0
50411,0
50412,0
50413,0
50414,0
50415,0
50416,0
50417,0
50418,0
50419,0
50420,0
50421,0
50422,0
50423,0
50424,0
50425,0
50426,0
50427,0
50428,0
50429,0
50430,0
50431,0
50432,0
50433,0
50434,0
50435,0
50436,0
50437,0
50438,0
50439,0
50440,0
50441,0
50442,0
50443,0
50444,0
50445,0
50446,0
50447,0
50448,0
50449,0
50450,0
50451,0
50452,0
50453,0
50454,0
50455,0
50456,0
50457,0
50458,0
50459,0
50460,0
50461,0
50462,0
50463,0
50464,0
50465,0
50466,0
50467,0
50468,0
50469,0
50470,0
50471,0
50472,0
50473,0
50474,0
50475,0
50476,0
50477,0
50478,0
50479,0
50480,0
50481,0
50482,0
50483,0
50484,0
50485,0
50486,0
50487,0
50488,0
50489,0
50490,0
50491,0
50492,0
50493,0
50494,0
50495,0
50496,0
50497,0
50498,0
50499,0
50500,0
50501,0
50502,0
50503,0
50504,0
50505,0
50506,0
50507,0
50508,0
50509,0
50510,0
50511,0
50512,0
50513,0
50514,0
50515,0
50516,0
50517,0
50518,0
50519,0
50520,0
50521,0
50522,0
50523,0
50524,0
50525,0
50526,0
50527,0
50528,0
50529,0
50530,0
50531,0
50532,0
50533,0
50534,0
50535,0
50536,0
50537,0
50538,0
50539,0
50540,0
50541,0
50542,0
50543,0
50544,0
50545,0
50546,0
50547,0
50548,0
50549,0
50550,0
50551,0
50552,0
50553,0
50554,0
50555,0
50556,0
50557,0
50558,0
50559,0
50560,0
50561,0
50562,0
50563,0
50564,0
50565,0
50566,0
50567,0
50568,0
50569,0
50570,0
50571,0
50572,0
50573,0
50574,0
50575,0
50576,0
50577,0
50578,0
50579,0
50580,0
50581,0
50582,0
50583,0
50584,0
50585,0
50586,0
50587,0
50588,0
50589,0
50590,0
50591,0
50592,0
50593,0
50594,0
50595,0
50596,0
50597,0
50598,0
50599,0
50600,0
50601,0
50602,0
50603,0
50604,0
50605,0
50606,0
50607,0
50608,0
50609,0
50610,0
50611,0
50612,0
50613,0
50614,0
50615,0
50616,0
50617,0
50618,0
50619,0
50620,0
50621,0
50622,0
50623,0
50624,0
50625,0
50626,0
50627,0
50628,0
50629,0
50630,0
50631,0
50632,0
50633,0
50634,0
50635,0
50636,0
50637,0
50638,0
50639,0
50640,0
50641,0
50642,0
50643,0
50644,0
50645,0
50646,0
50647,0
50648,0
50649,0
50650,0
50651,0
50652,0
50653,0
50654,0
50655,0
50656,0
50657,0
50658,0
50659,0
50660,0
50661,0
50662,0
50663,0
50664,0
50665,0
50666,0
50667,0
50668,0
50669,0
50670,0
50671,0
50672,0
50673,0
50674,0
50675,0
50676,0
50677,0
50678,0
50679,0
50680,0
50681,0
50682,0
50683,0
50684,0
50685,0
50686,0
50687,0
50688,0
50689,0
50690,0
50691,0
50692,0
50693,0
50694,0
50695,0
50696,0
50697,0
50698,0
50699,0
50700,0
50701,0
50702,0
50703,0
50704,0
50705,0
50706,0
50707,0
50708,0
50709,0
50710,0
50711,0
50712,0
50713,0
50714,0
50715,0
50716,0
50717,0
50718,0
50719,0
50720,0
50721,0
50722,0
50723,0
50724,0
50725,0
50726,0
50727,0
50728,0
50729,0
50730,0
50731,0
50732,0
50733,0
50734,0
50735,0
50736,0
50737,0
50738,0
50739,0
50740,0
50741,0
50742,0
50743,0
50744,0
50745,0
50746,0
50747,0
50748,0
50749,0
50750,0
50751,0
50752,0
50753,0
50754,0
50755,0
50756,0
50757,0
50758,0
50759,0
50760,0
50761,0
50762,0
50763,0
50764,0
50765,0
50766,0
50767,0
50768,0
50769,0
50770,0
50771,0
50772,0
50773,0
50774,0
50775,0
50776,0
50777,0
50778,0
50779,0
50780,0
50781,0
50782,0
50783,0
50784,0
50785,0
50786,0
50787,0
50788,0
50789,0
50790,0
50791,0
50792,0
50793,0
50794,0
50795,0
50796,0
50797,0
50798,0
50799,0
50800,0
50801,0
50802,0
50803,0
50804,0
50805,0
50806,0
50807,0
50808,0
50809,0
50810,0
50811,0
50812,0
50813,0
50814,0
50815,0
50816,0
50817,0
50818,0
50819,0
50820,0
50821,0
50822,0
50823,0
50824,0
50825,0
50826,0
50827,0
50828,0
50829,0
50830,0
50831,0
50832,0
50833,0
50834,0
50835,0
50836,0
50837,0
50838,0
50839,0
50840,0
50841,0
50842,0
50843,0
50844,0
50845,0
50846,0
50847,0
50848,0
50849,0
50850,0
50851,0
50852,0
50853,0
50854,0
50855,0
50856,0
50857,0
50858,0
50859,0
50860,0
50861,0
50862,0
50863,0
50864,0
50865,0
50866,0
50867,0
50868,0
50869,0
50870,0
50871,0
50872,0
50873,0
50874,0
50875,0
50876,0
50877,0
50878,0
50879,0
50880,0
50881,0
50882,0
50883,0
50884,0
50885,0
50886,0
50887,0
50888,0
50889,0
50890,0
50891,0
50892,0
50893,0
50894,0
50895,0
50896,0
50897,0
50898,0
50899,0
50900,0
50901,0
50902,0
50903,0
50904,0
50905,0
50906,0
50907,0
50908,0
50909,0
50910,0
50911,0
50912,0
50913,0
50914,0
50915,0
50916,0
50917,0
50918,0
50919,0
50920,0
50921,0
50922,0
50923,0
50924,0
50925,0
50926,0
50927,0
50928,0
50929,0
50930,0
50931,0
50932,0
50933,0
50934,0
50935,0
50936,0
50937,0
50938,0
50939,0
50940,0
50941,0
50942,0
50943,0
50944,0
50945,0
50946,0
50947,0
50948,0
50949,0
50950,0
50951,0
50952,0
50953,0
50954,0
50955,0
50956,0
50957,0
50958,0
50959,0
50960,0
50961,0
50962,0
50963,0
50964,0
50965,0
50966,0
50967,0
50968,0
50969,0
50970,0
50971,0
50972,0
50973,0
50974,0
50975,0
50976,0
50977,0
50978,0
50979,0
50980,0
50981,0
50982,0
50983,0
50984,0
50985,0
50986,0
50987,0
50988,0
50989,0
50990,0
50991,0
50992,0
50993,0
50994,0
50995,0
50996,0
50997,0
50998,0
50999,0
51000,0
51001,0
51002,0
51003,0
51004,0
51005,0
51006,0
51007,0
51008,0
51009,0
51010,0
51011,0
51012,0
51013,0
51014,0
51015,0
51016,0
51017,0
51018,0
51019,0
51020,0
51021,0
51022,0
51023,0
51024,0
51025,0
51026,0
51027,0
51028,0
51029,0
51030,0
51031,0
51032,0
51033,0
51034,0
51035,0
51036,0
51037,0
51038,0
51039,0
51040,0
51041,0
51042,0
51043,0
51044,0
51045,0
51046,0
51047,0
51048,0
51049,0
51050,0
51051,0
51052,0
51053,0
51054,0
51055,0
51056,0
51057,0
51058,0
51059,0
51060,0
51061,0
51062,0
51063,0
51064,0
51065,0
51066,0
51067,0
51068,0
51069,0
51070,0
51071,0
51072,0
51073,0
51074,0
51075,0
51076,0
51077,0
51078,0
51079,0
51080,0
51081,0
51082,0
51083,0
51084,0
51085,0
51086,0
51087,0
51088,0
51089,0
51090,0
51091,0
51092,0
51093,0
51094,0
51095,0
51096,0
51097,0
51098,0
51099,0
51100,0
51101,0
51102,0
51103,0
51104,0
51105,0
51106,0
51107,0
51108,0
51109,0
51110,0
51111,0
51112,0
51113,0
51114,0
51115,0
51116,0
51117,0
51118,0
51119,0
51120,0
51121,0
51122,0
51123,0
51124,0
51125,0
51126,0
51127,0
51128,0
51129,0
51130,0
51131,0
51132,0
51133,0
51134,0
51135,0
51136,0
51137,0
51138,0
51139,0
51140,0
51141,0
51142,0
51143,0
51144,0
51145,0
51146,0
51147,0
51148,0
51149,0
51150,0
51151,0
51152,0
51153,0
51154,0
51155,0
51156,0
51157,0
51158,0
51159,0
51160,0
51161,0
51162,0
51163,0
51164,0
51165,0
51166,0
51167,0
51168,0
51169,0
51170,0
51171,0
51172,0
51173,0
51174,0
51175,0
51176,0
51177,0
51178,0
51179,0
51180,0
51181,0
51182,0
51183,0
51184,0
51185,0
51186,0
51187,0
51188,0
51189,0
51190,0
51191,0
51192,0
51193,0
51194,0
51195,0
51196,0
51197,0
51198,0
51199,0
51200,0
51201,0
51202,0
51203,0
51204,0
51205,0
51206,0
51207,0
51208,0
51209,0
51210,0
51211,0
51212,0
51213,0
51214,0
51215,0
51216,0
51217,0
51218,0
51219,0
51220,0
51221,0
51222,0
51223,0
51224,0
51225,0
51226,0
51227,0
51228,0
51229,0
51230,0
51231,0
51232,0
51233,0
51234,0
51235,0
51236,0
51237,0
51238,0
51239,0
51240,0
51241,0
51242,0
51243,0
51244,0
51245,0
51246,0
51247,0
51248,0
51249,0
51250,0
51251,0
51252,0
51253,0
51254,0
51255,0
51256,0
51257,0
51258,0
51259,0
51260,0
51261,0
51262,0
51263,0
51264,0
51265,0
51266,0
51267,0
51268,0
51269,0
51270,0
51271,0
51272,0
51273,0
51274,0
51275,0
51276,0
51277,0
51278,0
51279,0
51280,0
51281,0
51282,0
51283,0
51284,0
51285,0
51286,0
51287,0
51288,0
51289,0
51290,0
51291,0
51292,0
51293,0
51294,0
51295,0
51296,0
51297,0
51298,0
51299,0
51300,0
51301,0
51302,0
51303,0
51304,0
51305,0
51306,0
51307,0
51308,0
51309,0
51310,0
51311,0
51312,0
51313,0
51314,0
51315,0
51316,0
51317,0
51318,0
51319,0
51320,0
51321,0
51322,0
51323,0
51324,0
51325,0
51326,0
51327,0
51328,0
51329,0
51330,0
51331,0
51332,0
51333,0
51334,0
51335,0
51336,0
51337,0
51338,0
51339,0
51340,0
51341,0
51342,0
51343,0
51344,0
51345,0
51346,0
51347,0
51348,0
51349,0
51350,0
51351,0
51352,0
51353,0
51354,0
51355,0
51356,0
51357,0
51358,0
51359,0
51360,0
51361,0
51362,0
51363,0
51364,0
51365,0
51366,0
51367,0
51368,0
51369,0
51370,0
51371,0
51372,0
51373,0
51374,0
51375,0
51376,0
51377,0
51378,0
51379,0
51380,0
51381,0
51382,0
51383,0
51384,0
51385,0
51386,0
51387,0
51388,0
51389,0
51390,0
51391,0
51392,0
51393,0
51394,0
51395,0
51396,0
51397,0
51398,0
51399,0
51400,0
51401,0
51402,0
51403,0
51404,0
51405,0
51406,0
51407,0
51408,0
51409,0
51410,0
51411,0
51412,0
51413,0
51414,0
51415,0
51416,0
51417,0
51418,0
51419,0
51420,0
51421,0
51422,0
51423,0
51424,0
51425,0
51426,0
51427,0
51428,0
51429,0
51430,0
51431,0
51432,0
51433,0
51434,0
51435,0
51436,0
51437,0
51438,0
51439,0
51440,0
51441,0
51442,0
51443,0
51444,0
51445,0
51446,0
51447,0
51448,0
51449,0
51450,0
51451,0
51452,0
51453,0
51454,0
51455,0
51456,0
51457,0
51458,0
51459,0
51460,0
51461,0
51462,0
51463,0
51464,0
51465,0
51466,0
51467,0
51468,0
51469,0
51470,0
51471,0
51472,0
51473,0
51474,0
51475,0
51476,0
51477,0
51478,0
51479,0
51480,0
51481,0
51482,0
51483,0
51484,0
51485,0
51486,0
51487,0
51488,0
51489,0
51490,0
51491,0
51492,0
51493,0
51494,0
51495,0
51496,0
51497,0
51498,0
51499,0
51500,0
51501,0
51502,0
51503,0
51504,0
51505,0
51506,0
51507,0
51508,0
51509,0
51510,0
51511,0
51512,0
51513,0
51514,0
51515,0
51516,0
51517,0
51518,0
51519,0
51520,0
51521,0
51522,0
51523,0
51524,0
51525,0
51526,0
51527,0
51528,0
51529,0
51530,0
51531,0
51532,0
51533,0
51534,0
51535,0
51536,0
51537,0
51538,0
51539,0
51540,0
51541,0
51542,0
51543,0
51544,0
51545,0
51546,0
51547,0
51548,0
51549,0
51550,0
51551,0
51552,0
51553,0
51554,0
51555,0
51556,0
51557,0
51558,0
51559,0
51560,0
51561,0
51562,0
51563,0
51564,0
51565,0
51566,0
51567,0
51568,0
51569,0
51570,0
51571,0
51572,0
51573,0
51574,0
51575,0
51576,0
51577,0
51578,0
51579,0
51580,0
51581,0
51582,0
51583,0
51584,0
51585,0
51586,0
51587,0
51588,0
51589,0
51590,0
51591,0
51592,0
51593,0
51594,0
51595,0
51596,0
51597,0
51598,0
51599,0
51600,0
51601,0
51602,0
51603,0
51604,0
51605,0
51606,0
51607,0
51608,0
51609,0
51610,0
51611,0
51612,0
51613,0
51614,0
51615,0
51616,0
51617,0
51618,0
51619,0
51620,0
51621,0
51622,0
51623,0
51624,0
51625,0
51626,0
51627,0
51628,0
51629,0
51630,0
51631,0
51632,0
51633,0
51634,0
51635,0
51636,0
51637,0
51638,0
51639,0
51640,0
51641,0
51642,0
51643,0
51644,0
51645,0
51646,0
51647,0
51648,0
51649,0
51650,0
51651,0
51652,0
51653,0
51654,0
51655,0
51656,0
51657,0
51658,0
51659,0
51660,0
51661,0
51662,0
51663,0
51664,0
51665,0
51666,0
51667,0
51668,0
51669,0
51670,0
51671,0
51672,0
51673,0
51674,0
51675,0
51676,0
51677,0
51678,0
51679,0
51680,0
51681,0
51682,0
51683,0
51684,0
51685,0
51686,0
51687,0
51688,0
51689,0
51690,0
51691,0
51692,0
51693,0
51694,0
51695,0
51696,0
51697,0
51698,0
51699,0
51700,0
51701,0
51702,0
51703,0
51704,0
51705,0
51706,0
51707,0
51708,0
51709,0
51710,0
51711,0
51712,0
51713,0
51714,0
51715,0
51716,0
51717,0
51718,0
51719,0
51720,0
51721,0
51722,0
51723,0
51724,0
51725,0
51726,0
51727,0
51728,0
51729,0
51730,0
51731,0
51732,0
51733,0
51734,0
51735,0
51736,0
51737,0
51738,0
51739,0
51740,0
51741,0
51742,0
51743,0
51744,0
51745,0
51746,0
51747,0
51748,0
51749,0
51750,0
51751,0
51752,0
51753,0
51754,0
51755,0
51756,0
51757,0
51758,0
51759,0
51760,0
51761,0
51762,0
51763,0
51764,0
51765,0
51766,0
51767,0
51768,0
51769,0
51770,0
51771,0
51772,0
51773,0
51774,0
51775,0
51776,0
51777,0
51778,0
51779,0
51780,0
51781,0
51782,0
51783,0
51784,0
51785,0
51786,0
51787,0
51788,0
51789,0
51790,0
51791,0
51792,0
51793,0
51794,0
51795,0
51796,0
51797,0
51798,0
51799,0
51800,0
51801,0
51802,0
51803,0
51804,0
51805,0
51806,0
51807,0
51808,0
51809,0
51810,0
51811,0
51812,0
51813,0
51814,0
51815,0
51816,0
51817,0
51818,0
51819,0
51820,0
51821,0
51822,0
51823,0
51824,0
51825,0
51826,0
51827,0
51828,0
51829,0
51830,0
51831,0
51832,0
51833,0
51834,0
51835,0
51836,0
51837,0
51838,0
51839,0
51840,0
51841,0
51842,0
51843,0
51844,0
51845,0
51846,0
51847,0
51848,0
51849,0
51850,0
51851,0
51852,0
51853,0
51854,0
51855,0
51856,0
51857,0
51858,0
51859,0
51860,0
51861,0
51862,0
51863,0
51864,0
51865,0
51866,0
51867,0
51868,0
51869,0
51870,0
51871,0
51872,0
51873,0
51874,0
51875,0
51876,0
51877,0
51878,0
51879,0
51880,0
51881,0
51882,0
51883,0
51884,0
51885,0
51886,0
51887,0
51888,0
51889,0
51890,0
51891,0
51892,0
51893,0
51894,0
51895,0
51896,0
51897,0
51898,0
51899,0
51900,0
51901,0
51902,0
51903,0
51904,0
51905,0
51906,0
51907,0
51908,0
51909,0
51910,0
51911,0
51912,0
51913,0
51914,0
51915,0
51916,0
51917,0
51918,0
51919,0
51920,0
51921,0
51922,0
51923,0
51924,0
51925,0
51926,0
51927,0
51928,0
51929,0
51930,0
51931,0
51932,0
51933,0
51934,0
51935,0
51936,0
51937,0
51938,0
51939,0
51940,0
51941,0
51942,0
51943,0
51944,0
51945,0
51946,0
51947,0
51948,0
51949,0
51950,0
51951,0
51952,0
51953,0
51954,0
51955,0
51956,0
51957,0
51958,0
51959,0
51960,0
51961,0
51962,0
51963,0
51964,0
51965,0
51966,0
51967,0
51968,0
51969,0
51970,0
51971,0
51972,0
51973,0
51974,0
51975,0
51976,0
51977,0
51978,0
51979,0
51980,0
51981,0
51982,0
51983,0
51984,0
51985,0
51986,0
51987,0
51988,0
51989,0
51990,0
51991,0
51992,0
51993,0
51994,0
51995,0
51996,0
51997,0
51998,0
51999,0
52000,0
52001,0
52002,0
52003,0
52004,0
52005,0
52006,0
52007,0
52008,0
52009,0
52010,0
52011,0
52012,0
52013,0
52014,0
52015,0
52016,0
52017,0
52018,0
52019,0
52020,0
52021,0
52022,0
52023,0
52024,0
52025,0
52026,0
52027,0
52028,0
52029,0
52030,0
52031,0
52032,0
52033,0
52034,0
52035,0
52036,0
52037,0
52038,0
52039,0
52040,0
52041,0
52042,0
52043,0
52044,0
52045,0
52046,0
52047,0
52048,0
52049,0
52050,0
52051,0
52052,0
52053,0
52054,0
52055,0
52056,0
52057,0
52058,0
52059,0
52060,0
52061,0
52062,0
52063,0
52064,0
52065,0
52066,0
52067,0
52068,0
52069,0
52070,0
52071,0
52072,0
52073,0
52074,0
52075,0
52076,0
52077,0
52078,0
52079,0
52080,0
52081,0
52082,0
52083,0
52084,0
52085,0
52086,0
52087,0
52088,0
52089,0
52090,0
52091,0
52092,0
52093,0
52094,0
52095,0
52096,0
52097,0
52098,0
52099,0
52100,0
52101,0
52102,0
52103,0
52104,0
52105,0
52106,0
52107,0
52108,0
52109,0
52110,0
52111,0
52112,0
52113,0
52114,0
52115,0
52116,0
52117,0
52118,0
52119,0
52120,0
52121,0
52122,0
52123,0
52124,0
52125,0
52126,0
52127,0
52128,0
52129,0
52130,0
52131,0
52132,0
52133,0
52134,0
52135,0
52136,0
52137,0
52138,0
52139,0
52140,0
52141,0
52142,0
52143,0
52144,0
52145,0
52146,0
52147,0
52148,0
52149,0
52150,0
52151,0
52152,0
52153,0
52154,0
52155,0
52156,0
52157,0
52158,0
52159,0
52160,0
52161,0
52162,0
52163,0
52164,0
52165,0
52166,0
52167,0
52168,0
52169,0
52170,0
52171,0
52172,0
52173,0
52174,0
52175,0
52176,0
52177,0
52178,0
52179,0
52180,0
52181,0
52182,0
52183,0
52184,0
52185,0
52186,0
52187,0
52188,0
52189,0
52190,0
52191,0
52192,0
52193,0
52194,0
52195,0
52196,0
52197,0
52198,0
52199,0
52200,0
52201,0
52202,0
52203,0
52204,0
52205,0
52206,0
52207,0
52208,0
52209,0
52210,0
52211,0
52212,0
52213,0
52214,0
52215,0
52216,0
52217,0
52218,0
52219,0
52220,0
52221,0
52222,0
52223,0
52224,0
52225,0
52226,0
52227,0
52228,0
52229,0
52230,0
52231,0
52232,0
52233,0
52234,0
52235,0
52236,0
52237,0
52238,0
52239,0
52240,0
52241,0
52242,0
52243,0
52244,0
52245,0
52246,0
52247,0
52248,0
52249,0
52250,0
52251,0
52252,0
52253,0
52254,0
52255,0
52256,0
52257,0
52258,0
52259,0
52260,0
52261,0
52262,0
52263,0
52264,0
52265,0
52266,0
52267,0
52268,0
52269,0
52270,0
52271,0
52272,0
52273,0
52274,0
52275,0
52276,0
52277,0
52278,0
52279,0
52280,0
52281,0
52282,0
52283,0
52284,0
52285,0
52286,0
52287,0
52288,0
52289,0
52290,0
52291,0
52292,0
52293,0
52294,0
52295,0
52296,0
52297,0
52298,0
52299,0
52300,0
52301,0
52302,0
52303,0
52304,0
52305,0
52306,0
52307,0
52308,0
52309,0
52310,0
52311,0
52312,0
52313,0
52314,0
52315,0
52316,0
52317,0
52318,0
52319,0
52320,0
52321,0
52322,0
52323,0
52324,0
52325,0
52326,0
52327,0
52328,0
52329,0
52330,0
52331,0
52332,0
52333,0
52334,0
52335,0
52336,0
52337,0
52338,0
52339,0
52340,0
52341,0
52342,0
52343,0
52344,0
52345,0
52346,0
52347,0
52348,0
52349,0
52350,0
52351,0
52352,0
52353,0
52354,0
52355,0
52356,0
52357,0
52358,0
52359,0
52360,0
52361,0
52362,0
52363,0
52364,0
52365,0
52366,0
52367,0
52368,0
52369,0
52370,0
52371,0
52372,0
52373,0
52374,0
52375,0
52376,0
52377,0
52378,0
52379,0
52380,0
52381,0
52382,0
52383,0
52384,0
52385,0
52386,0
52387,0
52388,0
52389,0
52390,0
52391,0
52392,0
52393,0
52394,0
52395,0
52396,0
52397,0
52398,0
52399,0
52400,0
52401,0
52402,0
52403,0
52404,0
52405,0
52406,0
52407,0
52408,0
52409,0
52410,0
52411,0
52412,0
52413,0
52414,0
52415,0
52416,0
52417,0
52418,0
52419,0
52420,0
52421,0
52422,0
52423,0
52424,0
52425,0
52426,0
52427,0
52428,0
52429,0
52430,0
52431,0
52432,0
52433,0
52434,0
52435,0
52436,0
52437,0
52438,0
52439,0
52440,0
52441,0
52442,0
52443,0
52444,0
52445,0
52446,0
52447,0
52448,0
52449,0
52450,0
52451,0
52452,0
52453,0
52454,0
52455,0
52456,0
52457,0
52458,0
52459,0
52460,0
52461,0
52462,0
52463,0
52464,0
52465,0
52466,0
52467,0
52468,0
52469,0
52470,0
52471,0
52472,0
52473,0
52474,0
52475,0
52476,0
52477,0
52478,0
52479,0
52480,0
52481,0
52482,0
52483,0
52484,0
52485,0
52486,0
52487,0
52488,0
52489,0
52490,0
52491,0
52492,0
52493,0
52494,0
52495,0
52496,0
52497,0
52498,0
52499,0
52500,0
52501,0
52502,0
52503,0
52504,0
52505,0
52506,0
52507,0
52508,0
52509,0
52510,0
52511,0
52512,0
52513,0
52514,0
52515,0
52516,0
52517,0
52518,0
52519,0
52520,0
52521,0
52522,0
52523,0
52524,0
52525,0
52526,0
52527,0
52528,0
52529,0
52530,0
52531,0
52532,0
52533,0
52534,0
52535,0
52536,0
52537,0
52538,0
52539,0
52540,0
52541,0
52542,0
52543,0
52544,0
52545,0
52546,0
52547,0
52548,0
52549,0
52550,0
52551,0
52552,0
52553,0
52554,0
52555,0
52556,0
52557,0
52558,0
52559,0
52560,0
52561,0
52562,0
52563,0
52564,0
52565,0
52566,0
52567,0
52568,0
52569,0
52570,0
52571,0
52572,0
52573,0
52574,0
52575,0
52576,0
52577,0
52578,0
52579,0
52580,0
52581,0
52582,0
52583,0
52584,0
52585,0
52586,0
52587,0
52588,0
52589,0
52590,0
52591,0
52592,0
52593,0
52594,0
52595,0
52596,0
52597,0
52598,0
52599,0
52600,0
52601,0
52602,0
52603,0
52604,0
52605,0
52606,0
52607,0
52608,0
52609,0
52610,0
52611,0
52612,0
52613,0
52614,0
52615,0
52616,0
52617,0
52618,0
52619,0
52620,0
52621,0
52622,0
52623,0
52624,0
52625,0
52626,0
52627,0
52628,0
52629,0
52630,0
52631,0
52632,0
52633,0
52634,0
52635,0
52636,0
52637,0
52638,0
52639,0
52640,0
52641,0
52642,0
52643,0
52644,0
52645,0
52646,0
52647,0
52648,0
52649,0
52650,0
52651,0
52652,0
52653,0
52654,0
52655,0
52656,0
52657,0
52658,0
52659,0
52660,0
52661,0
52662,0
52663,0
52664,0
52665,0
52666,0
52667,0
52668,0
52669,0
52670,0
52671,0
52672,0
52673,0
52674,0
52675,0
52676,0
52677,0
52678,0
52679,0
52680,0
52681,0
52682,0
52683,0
52684,0
52685,0
52686,0
52687,0
52688,0
52689,0
52690,0
52691,0
52692,0
52693,0
52694,0
52695,0
52696,0
52697,0
52698,0
52699,0
52700,0
52701,0
52702,0
52703,0
52704,0
52705,0
52706,0
52707,0
52708,0
52709,0
52710,0
52711,0
52712,0
52713,0
52714,0
52715,0
52716,0
52717,0
52718,0
52719,0
52720,0
52721,0
52722,0
52723,0
52724,0
52725,0
52726,0
52727,0
52728,0
52729,0
52730,0
52731,0
52732,0
52733,0
52734,0
52735,0
52736,0
52737,0
52738,0
52739,0
52740,0
52741,0
52742,0
52743,0
52744,0
52745,0
52746,0
52747,0
52748,0
52749,0
52750,0
52751,0
52752,0
52753,0
52754,0
52755,0
52756,0
52757,0
52758,0
52759,0
52760,0
52761,0
52762,0
52763,0
52764,0
52765,0
52766,0
52767,0
52768,0
52769,0
52770,0
52771,0
52772,0
52773,0
52774,0
52775,0
52776,0
52777,0
52778,0
52779,0
52780,0
52781,0
52782,0
52783,0
52784,0
52785,0
52786,0
52787,0
52788,0
52789,0
52790,0
52791,0
52792,0
52793,0
52794,0
52795,0
52796,0
52797,0
52798,0
52799,0
52800,0
52801,0
52802,0
52803,0
52804,0
52805,0
52806,0
52807,0
52808,0
52809,0
52810,0
52811,0
52812,0
52813,0
52814,0
52815,0
52816,0
52817,0
52818,0
52819,0
52820,0
52821,0
52822,0
52823,0
52824,0
52825,0
52826,0
52827,0
52828,0
52829,0
52830,0
52831,0
52832,0
52833,0
52834,0
52835,0
52836,0
52837,0
52838,0
52839,0
52840,0
52841,0
52842,0
52843,0
52844,0
52845,0
52846,0
52847,0
52848,0
52849,0
52850,0
52851,0
52852,0
52853,0
52854,0
52855,0
52856,0
52857,0
52858,0
52859,0
52860,0
52861,0
52862,0
52863,0
52864,0
52865,0
52866,0
52867,0
52868,0
52869,0
52870,0
52871,0
52872,0
52873,0
52874,0
52875,0
52876,0
52877,0
52878,0
52879,0
52880,0
52881,0
52882,0
52883,0
52884,0
52885,0
52886,0
52887,0
52888,0
52889,0
52890,0
52891,0
52892,0
52893,0
52894,0
52895,0
52896,0
52897,0
52898,0
52899,0
52900,0
52901,0
52902,0
52903,0
52904,0
52905,0
52906,0
52907,0
52908,0
52909,0
52910,0
52911,0
52912,0
52913,0
52914,0
52915,0
52916,0
52917,0
52918,0
52919,0
52920,0
52921,0
52922,0
52923,0
52924,0
52925,0
52926,0
52927,0
52928,0
52929,0
52930,0
52931,0
52932,0
52933,0
52934,0
52935,0
52936,0
52937,0
52938,0
52939,0
52940,0
52941,0
52942,0
52943,0
52944,0
52945,0
52946,0
52947,0
52948,0
52949,0
52950,0
52951,0
52952,0
52953,0
52954,0
52955,0
52956,0
52957,0
52958,0
52959,0
52960,0
52961,0
52962,0
52963,0
52964,0
52965,0
52966,0
52967,0
52968,0
52969,0
52970,0
52971,0
52972,0
52973,0
52974,0
52975,0
52976,0
52977,0
52978,0
52979,0
52980,0
52981,0
52982,0
52983,0
52984,0
52985,0
52986,0
52987,0
52988,0
52989,0
52990,0
52991,0
52992,0
52993,0
52994,0
52995,0
52996,0
52997,0
52998,0
52999,0
53000,0
53001,0
53002,0
53003,0
53004,0
53005,0
53006,0
53007,0
53008,0
53009,0
53010,0
53011,0
53012,0
53013,0
53014,0
53015,0
53016,0
53017,0
53018,0
53019,0
53020,0
53021,0
53022,0
53023,0
53024,0
53025,0
53026,0
53027,0
53028,0
53029,0
53030,0
53031,0
53032,0
53033,0
53034,0
53035,0
53036,0
53037,0
53038,0
53039,0
53040,0
53041,0
53042,0
53043,0
53044,0
53045,0
53046,0
53047,0
53048,0
53049,0
53050,0
53051,0
53052,0
53053,0
53054,0
53055,0
53056,0
53057,0
53058,0
53059,0
53060,0
53061,0
53062,0
53063,0
53064,0
53065,0
53066,0
53067,0
53068,0
53069,0
53070,0
53071,0
53072,0
53073,0
53074,0
53075,0
53076,0
53077,0
53078,0
53079,0
53080,0
53081,0
53082,0
53083,0
53084,0
53085,0
53086,0
53087,0
53088,0
53089,0
53090,0
53091,0
53092,0
53093,0
53094,0
53095,0
53096,0
53097,0
53098,0
53099,0
53100,0
53101,0
53102,0
53103,0
53104,0
53105,0
53106,0
53107,0
53108,0
53109,0
53110,0
53111,0
53112,0
53113,0
53114,0
53115,0
53116,0
53117,0
53118,0
53119,0
53120,0
53121,0
53122,0
53123,0
53124,0
53125,0
53126,0
53127,0
53128,0
53129,0
53130,0
53131,0
53132,0
53133,0
53134,0
53135,0
53136,0
53137,0
53138,0
53139,0
53140,0
53141,0
53142,0
53143,0
53144,0
53145,0
53146,0
53147,0
53148,0
53149,0
53150,0
53151,0
53152,0
53153,0
53154,0
53155,0
53156,0
53157,0
53158,0
53159,0
53160,0
53161,0
53162,0
53163,0
53164,0
53165,0
53166,0
53167,0
53168,0
53169,0
53170,0
53171,0
53172,0
53173,0
53174,0
53175,0
53176,0
53177,0
53178,0
53179,0
53180,0
53181,0
53182,0
53183,0
53184,0
53185,0
53186,0
53187,0
53188,0
53189,0
53190,0
53191,0
53192,0
53193,0
53194,0
53195,0
53196,0
53197,0
53198,0
53199,0
53200,0
53201,0
53202,0
53203,0
53204,0
53205,0
53206,0
53207,0
53208,0
53209,0
53210,0
53211,0
53212,0
53213,0
53214,0
53215,0
53216,0
53217,0
53218,0
53219,0
53220,0
53221,0
53222,0
53223,0
53224,0
53225,0
53226,0
53227,0
53228,0
53229,0
53230,0
53231,0
53232,0
53233,0
53234,0
53235,0
53236,0
53237,0
53238,0
53239,0
53240,0
53241,0
53242,0
53243,0
53244,0
53245,0
53246,0
53247,0
53248,0
53249,0
53250,0
53251,0
53252,0
53253,0
53254,0
53255,0
53256,0
53257,0
53258,0
53259,0
53260,0
53261,0
53262,0
53263,0
53264,0
53265,0
53266,0
53267,0
53268,0
53269,0
53270,0
53271,0
53272,0
53273,0
53274,0
53275,0
53276,0
53277,0
53278,0
53279,0
53280,0
53281,0
53282,0
53283,0
53284,0
53285,0
53286,0
53287,0
53288,0
53289,0
53290,0
53291,0
53292,0
53293,0
53294,0
53295,0
53296,0
53297,0
53298,0
53299,0
53300,0
53301,0
53302,0
53303,0
53304,0
53305,0
53306,0
53307,0
53308,0
53309,0
53310,0
53311,0
53312,0
53313,0
53314,0
53315,0
53316,0
53317,0
53318,0
53319,0
53320,0
53321,0
53322,0
53323,0
53324,0
53325,0
53326,0
53327,0
53328,0
53329,0
53330,0
53331,0
53332,0
53333,0
53334,0
53335,0
53336,0
53337,0
53338,0
53339,0
53340,0
53341,0
53342,0
53343,0
53344,0
53345,0
53346,0
53347,0
53348,0
53349,0
53350,0
53351,0
53352,0
53353,0
53354,0
53355,0
53356,0
53357,0
53358,0
53359,0
53360,0
53361,0
53362,0
53363,0
53364,0
53365,0
53366,0
53367,0
53368,0
53369,0
53370,0
53371,0
53372,0
53373,0
53374,0
53375,0
53376,0
53377,0
53378,0
53379,0
53380,0
53381,0
53382,0
53383,0
53384,0
53385,0
53386,0
53387,0
53388,0
53389,0
53390,0
53391,0
53392,0
53393,0
53394,0
53395,0
53396,0
53397,0
53398,0
53399,0
53400,0
53401,0
53402,0
53403,0
53404,0
53405,0
53406,0
53407,0
53408,0
53409,0
53410,0
53411,0
53412,0
53413,0
53414,0
53415,0
53416,0
53417,0
53418,0
53419,0
53420,0
53421,0
53422,0
53423,0
53424,0
53425,0
53426,0
53427,0
53428,0
53429,0
53430,0
53431,0
53432,0
53433,0
53434,0
53435,0
53436,0
53437,0
53438,0
53439,0
53440,0
53441,0
53442,0
53443,0
53444,0
53445,0
53446,0
53447,0
53448,0
53449,0
53450,0
53451,0
53452,0
53453,0
53454,0
53455,0
53456,0
53457,0
53458,0
53459,0
53460,0
53461,0
53462,0
53463,0
53464,0
53465,0
53466,0
53467,0
53468,0
53469,0
53470,0
53471,0
53472,0
53473,0
53474,0
53475,0
53476,0
53477,0
53478,0
53479,0
53480,0
53481,0
53482,0
53483,0
53484,0
53485,0
53486,0
53487,0
53488,0
53489,0
53490,0
53491,0
53492,0
53493,0
53494,0
53495,0
53496,0
53497,0
53498,0
53499,0
53500,0
53501,0
53502,0
53503,0
53504,0
53505,0
53506,0
53507,0
53508,0
53509,0
53510,0
53511,0
53512,0
53513,0
53514,0
53515,0
53516,0
53517,0
53518,0
53519,0
53520,0
53521,0
53522,0
53523,0
53524,0
53525,0
53526,0
53527,0
53528,0
53529,0
53530,0
53531,0
53532,0
53533,0
53534,0
53535,0
53536,0
53537,0
53538,0
53539,0
53540,0
53541,0
53542,0
53543,0
53544,0
53545,0
53546,0
53547,0
53548,0
53549,0
53550,0
53551,0
53552,0
53553,0
53554,0
53555,0
53556,0
53557,0
53558,0
53559,0
53560,0
53561,0
53562,0
53563,0
53564,0
53565,0
53566,0
53567,0
53568,0
53569,0
53570,0
53571,0
53572,0
53573,0
53574,0
53575,0
53576,0
53577,0
53578,0
53579,0
53580,0
53581,0
53582,0
53583,0
53584,0
53585,0
53586,0
53587,0
53588,0
53589,0
53590,0
53591,0
53592,0
53593,0
53594,0
53595,0
53596,0
53597,0
53598,0
53599,0
53600,0
53601,0
53602,0
53603,0
53604,0
53605,0
53606,0
53607,0
53608,0
53609,0
53610,0
53611,0
53612,0
53613,0
53614,0
53615,0
53616,0
53617,0
53618,0
53619,0
53620,0
53621,0
53622,0
53623,0
53624,0
53625,0
53626,0
53627,0
53628,0
53629,0
53630,0
53631,0
53632,0
53633,0
53634,0
53635,0
53636,0
53637,0
53638,0
53639,0
53640,0
53641,0
53642,0
53643,0
53644,0
53645,0
53646,0
53647,0
53648,0
53649,0
53650,0
53651,0
53652,0
53653,0
53654,0
53655,0
53656,0
53657,0
53658,0
53659,0
53660,0
53661,0
53662,0
53663,0
53664,0
53665,0
53666,0
53667,0
53668,0
53669,0
53670,0
53671,0
53672,0
53673,0
53674,0
53675,0
53676,0
53677,0
53678,0
53679,0
53680,0
53681,0
53682,0
53683,0
53684,0
53685,0
53686,0
53687,0
53688,0
53689,0
53690,0
53691,0
53692,0
53693,0
53694,0
53695,0
53696,0
53697,0
53698,0
53699,0
53700,0
53701,0
53702,0
53703,0
53704,0
53705,0
53706,0
53707,0
53708,0
53709,0
53710,0
53711,0
53712,0
53713,0
53714,0
53715,0
53716,0
53717,0
53718,0
53719,0
53720,0
53721,0
53722,0
53723,0
53724,0
53725,0
53726,0
53727,0
53728,0
53729,0
53730,0
53731,0
53732,0
53733,0
53734,0
53735,0
53736,0
53737,0
53738,0
53739,0
53740,0
53741,0
53742,0
53743,0
53744,0
53745,0
53746,0
53747,0
53748,0
53749,0
53750,0
53751,0
53752,0
53753,0
53754,0
53755,0
53756,0
53757,0
53758,0
53759,0
53760,0
53761,0
53762,0
53763,0
53764,0
53765,0
53766,0
53767,0
53768,0
53769,0
53770,0
53771,0
53772,0
53773,0
53774,0
53775,0
53776,0
53777,0
53778,0
53779,0
53780,0
53781,0
53782,0
53783,0
53784,0
53785,0
53786,0
53787,0
53788,0
53789,0
53790,0
53791,0
53792,0
53793,0
53794,0
53795,0
53796,0
53797,0
53798,0
53799,0
53800,0
53801,0
53802,0
53803,0
53804,0
53805,0
53806,0
53807,0
53808,0
53809,0
53810,0
53811,0
53812,0
53813,0
53814,0
53815,0
53816,0
53817,0
53818,0
53819,0
53820,0
53821,0
53822,0
53823,0
53824,0
53825,0
53826,0
53827,0
53828,0
53829,0
53830,0
53831,0
53832,0
53833,0
53834,0
53835,0
53836,0
53837,0
53838,0
53839,0
53840,0
53841,0
53842,0
53843,0
53844,0
53845,0
53846,0
53847,0
53848,0
53849,0
53850,0
53851,0
53852,0
53853,0
53854,0
53855,0
53856,0
53857,0
53858,0
53859,0
53860,0
53861,0
53862,0
53863,0
53864,0
53865,0
53866,0
53867,0
53868,0
53869,0
53870,0
53871,0
53872,0
53873,0
53874,0
53875,0
53876,0
53877,0
53878,0
53879,0
53880,0
53881,0
53882,0
53883,0
53884,0
53885,0
53886,0
53887,0
53888,0
53889,0
53890,0
53891,0
53892,0
53893,0
53894,0
53895,0
53896,0
53897,0
53898,0
53899,0
53900,0
53901,0
53902,0
53903,0
53904,0
53905,0
53906,0
53907,0
53908,0
53909,0
53910,0
53911,0
53912,0
53913,0
53914,0
53915,0
53916,0
53917,0
53918,0
53919,0
53920,0
53921,0
53922,0
53923,0
53924,0
53925,0
53926,0
53927,0
53928,0
53929,0
53930,0
53931,0
53932,0
53933,0
53934,0
53935,0
53936,0
53937,0
53938,0
53939,0
53940,0
53941,0
53942,0
53943,0
53944,0
53945,0
53946,0
53947,0
53948,0
53949,0
53950,0
53951,0
53952,0
53953,0
53954,0
53955,0
53956,0
53957,0
53958,0
53959,0
53960,0
53961,0
53962,0
53963,0
53964,0
53965,0
53966,0
53967,0
53968,0
53969,0
53970,0
53971,0
53972,0
53973,0
53974,0
53975,0
53976,0
53977,0
53978,0
53979,0
53980,0
53981,0
53982,0
53983,0
53984,0
53985,0
53986,0
53987,0
53988,0
53989,0
53990,0
53991,0
53992,0
53993,0
53994,0
53995,0
53996,0
53997,0
53998,0
53999,0
54000,0
54001,0
54002,0
54003,0
54004,0
54005,0
54006,0
54007,0
54008,0
54009,0
54010,0
54011,0
54012,0
54013,0
54014,0
54015,0
54016,0
54017,0
54018,0
54019,0
54020,0
54021,0
54022,0
54023,0
54024,0
54025,0
54026,0
54027,0
54028,0
54029,0
54030,0
54031,0
54032,0
54033,0
54034,0
54035,0
54036,0
54037,0
54038,0
54039,0
54040,0
54041,0
54042,0
54043,0
54044,0
54045,0
54046,0
54047,0
54048,0
54049,0
54050,0
54051,0
54052,0
54053,0
54054,0
54055,0
54056,0
54057,0
54058,0
54059,0
54060,0
54061,0
54062,0
54063,0
54064,0
54065,0
54066,0
54067,0
54068,0
54069,0
54070,0
54071,0
54072,0
54073,0
54074,0
54075,0
54076,0
54077,0
54078,0
54079,0
54080,0
54081,0
54082,0
54083,0
54084,0
54085,0
54086,0
54087,0
54088,0
54089,0
54090,0
54091,0
54092,0
54093,0
54094,0
54095,0
54096,0
54097,0
54098,0
54099,0
54100,0
54101,0
54102,0
54103,0
54104,0
54105,0
54106,0
54107,0
54108,0
54109,0
54110,0
54111,0
54112,0
54113,0
54114,0
54115,0
54116,0
54117,0
54118,0
54119,0
54120,0
54121,0
54122,0
54123,0
54124,0
54125,0
54126,0
54127,0
54128,0
54129,0
54130,0
54131,0
54132,0
54133,0
54134,0
54135,0
54136,0
54137,0
54138,0
54139,0
54140,0
54141,0
54142,0
54143,0
54144,0
54145,0
54146,0
54147,0
54148,0
54149,0
54150,0
54151,0
54152,0
54153,0
54154,0
54155,0
54156,0
54157,0
54158,0
54159,0
54160,0
54161,0
54162,0
54163,0
54164,0
54165,0
54166,0
54167,0
54168,0
54169,0
54170,0
54171,0
54172,0
54173,0
54174,0
54175,0
54176,0
54177,0
54178,0
54179,0
54180,0
54181,0
54182,0
54183,0
54184,0
54185,0
54186,0
54187,0
54188,0
54189,0
54190,0
54191,0
54192,0
54193,0
54194,0
54195,0
54196,0
54197,0
54198,0
54199,0
54200,0
54201,0
54202,0
54203,0
54204,0
54205,0
54206,0
54207,0
54208,0
54209,0
54210,0
54211,0
54212,0
54213,0
54214,0
54215,0
54216,0
54217,0
54218,0
54219,0
54220,0
54221,0
54222,0
54223,0
54224,0
54225,0
54226,0
54227,0
54228,0
54229,0
54230,0
54231,0
54232,0
54233,0
54234,0
54235,0
54236,0
54237,0
54238,0
54239,0
54240,0
54241,0
54242,0
54243,0
54244,0
54245,0
54246,0
54247,0
54248,0
54249,0
54250,0
54251,0
54252,0
54253,0
54254,0
54255,0
54256,0
54257,0
54258,0
54259,0
54260,0
54261,0
54262,0
54263,0
54264,0
54265,0
54266,0
54267,0
54268,0
54269,0
54270,0
54271,0
54272,0
54273,0
54274,0
54275,0
54276,0
54277,0
54278,0
54279,0
54280,0
54281,0
54282,0
54283,0
54284,0
54285,0
54286,0
54287,0
54288,0
54289,0
54290,0
54291,0
54292,0
54293,0
54294,0
54295,0
54296,0
54297,0
54298,0
54299,0
54300,0
54301,0
54302,0
54303,0
54304,0
54305,0
54306,0
54307,0
54308,0
54309,0
54310,0
54311,0
54312,0
54313,0
54314,0
54315,0
54316,0
54317,0
54318,0
54319,0
54320,0
54321,0
54322,0
54323,0
54324,0
54325,0
54326,0
54327,0
54328,0
54329,0
54330,0
54331,0
54332,0
54333,0
54334,0
54335,0
54336,0
54337,0
54338,0
54339,0
54340,0
54341,0
54342,0
54343,0
54344,0
54345,0
54346,0
54347,0
54348,0
54349,0
54350,0
54351,0
54352,0
54353,0
54354,0
54355,0
54356,0
54357,0
54358,0
54359,0
54360,0
54361,0
54362,0
54363,0
54364,0
54365,0
54366,0
54367,0
54368,0
54369,0
54370,0
54371,0
54372,0
54373,0
54374,0
54375,0
54376,0
54377,0
54378,0
54379,0
54380,0
54381,0
54382,0
54383,0
54384,0
54385,0
54386,0
54387,0
54388,0
54389,0
54390,0
54391,0
54392,0
54393,0
54394,0
54395,0
54396,0
54397,0
54398,0
54399,0
54400,0
54401,0
54402,0
54403,0
54404,0
54405,0
54406,0
54407,0
54408,0
54409,0
54410,0
54411,0
54412,0
54413,0
54414,0
54415,0
54416,0
54417,0
54418,0
54419,0
54420,0
54421,0
54422,0
54423,0
54424,0
54425,0
54426,0
54427,0
54428,0
54429,0
54430,0
54431,0
54432,0
54433,0
54434,0
54435,0
54436,0
54437,0
54438,0
54439,0
54440,0
54441,0
54442,0
54443,0
54444,0
54445,0
54446,0
54447,0
54448,0
54449,0
54450,0
54451,0
54452,0
54453,0
54454,0
54455,0
54456,0
54457,0
54458,0
54459,0
54460,0
54461,0
54462,0
54463,0
54464,0
54465,0
54466,0
54467,0
54468,0
54469,0
54470,0
54471,0
54472,0
54473,0
54474,0
54475,0
54476,0
54477,0
54478,0
54479,0
54480,0
54481,0
54482,0
54483,0
54484,0
54485,0
54486,0
54487,0
54488,0
54489,0
54490,0
54491,0
54492,0
54493,0
54494,0
54495,0
54496,0
54497,0
54498,0
54499,0
54500,0
54501,0
54502,0
54503,0
54504,0
54505,0
54506,0
54507,0
54508,0
54509,0
54510,0
54511,0
54512,0
54513,0
54514,0
54515,0
54516,0
54517,0
54518,0
54519,0
54520,0
54521,0
54522,0
54523,0
54524,0
54525,0
54526,0
54527,0
54528,0
54529,0
54530,0
54531,0
54532,0
54533,0
54534,0
54535,0
54536,0
54537,0
54538,0
54539,0
54540,0
54541,0
54542,0
54543,0
54544,0
54545,0
54546,0
54547,0
54548,0
54549,0
54550,0
54551,0
54552,0
54553,0
54554,0
54555,0
54556,0
54557,0
54558,0
54559,0
54560,0
54561,0
54562,0
54563,0
54564,0
54565,0
54566,0
54567,0
54568,0
54569,0
54570,0
54571,0
54572,0
54573,0
54574,0
54575,0
54576,0
54577,0
54578,0
54579,0
54580,0
54581,0
54582,0
54583,0
54584,0
54585,0
54586,0
54587,0
54588,0
54589,0
54590,0
54591,0
54592,0
54593,0
54594,0
54595,0
54596,0
54597,0
54598,0
54599,0
54600,0
54601,0
54602,0
54603,0
54604,0
54605,0
54606,0
54607,0
54608,0
54609,0
54610,0
54611,0
54612,0
54613,0
54614,0
54615,0
54616,0
54617,0
54618,0
54619,0
54620,0
54621,0
54622,0
54623,0
54624,0
54625,0
54626,0
54627,0
54628,0
54629,0
54630,0
54631,0
54632,0
54633,0
54634,0
54635,0
54636,0
54637,0
54638,0
54639,0
54640,0
54641,0
54642,0
54643,0
54644,0
54645,0
54646,0
54647,0
54648,0
54649,0
54650,0
54651,0
54652,0
54653,0
54654,0
54655,0
54656,0
54657,0
54658,0
54659,0
54660,0
54661,0
54662,0
54663,0
54664,0
54665,0
54666,0
54667,0
54668,0
54669,0
54670,0
54671,0
54672,0
54673,0
54674,0
54675,0
54676,0
54677,0
54678,0
54679,0
54680,0
54681,0
54682,0
54683,0
54684,0
54685,0
54686,0
54687,0
54688,0
54689,0
54690,0
54691,0
54692,0
54693,0
54694,0
54695,0
54696,0
54697,0
54698,0
54699,0
54700,0
54701,0
54702,0
54703,0
54704,0
54705,0
54706,0
54707,0
54708,0
54709,0
54710,0
54711,0
54712,0
54713,0
54714,0
54715,0
54716,0
54717,0
54718,0
54719,0
54720,0
54721,0
54722,0
54723,0
54724,0
54725,0
54726,0
54727,0
54728,0
54729,0
54730,0
54731,0
54732,0
54733,0
54734,0
54735,0
54736,0
54737,0
54738,0
54739,0
54740,0
54741,0
54742,0
54743,0
54744,0
54745,0
54746,0
54747,0
54748,0
54749,0
54750,0
54751,0
54752,0
54753,0
54754,0
54755,0
54756,0
54757,0
54758,0
54759,0
54760,0
54761,0
54762,0
54763,0
54764,0
54765,0
54766,0
54767,0
54768,0
54769,0
54770,0
54771,0
54772,0
54773,0
54774,0
54775,0
54776,0
54777,0
54778,0
54779,0
54780,0
54781,0
54782,0
54783,0
54784,0
